{
  "type": "FeatureCollection",
  "features": [
    {
      "type": "Feature",
      "geometry": {
        "type": "Polygon",
        "coordinates": [
          [
            [
              -104.89348146751783,
              39.75919425755303
            ],
            [
              -104.89371452501544,
              39.75969341899083
            ],
            [
              -104.89392616899997,
              39.76020702902294
            ],
            [
              -104.89411093345737,
              39.76072866546255
            ],
            [
              -104.8942633523736,
              39.76125190612284
            ],
            [
              -104.89437795973456,
              39.761770328816965
            ],
            [
              -104.8944492895263,
              39.76227751135815
            ],
            [
              -104.89447187573475,
              39.762767031559555
            ],
            [
              -104.89444025234586,
              39.76323246723437
            ],
            [
              -104.89434895334557,
              39.76366739619577
            ],
            [
              -104.89419251271994,
              39.76406539625697
            ],
            [
              -104.89393168069394,
              39.76446588532755
            ],
            [
              -104.89357922056155,
              39.76483403315985
            ],
            [
              -104.89314693162201,
              39.76517219386368
            ],
            [
              -104.89264661317458,
              39.76548272154882
            ],
            [
              -104.8920900645184,
              39.76576797032507
            ],
            [
              -104.89148908495278,
              39.76603029430225
            ],
            [
              -104.8908554737769,
              39.76627204759013
            ],
            [
              -104.89020103028997,
              39.766495584298525
            ],
            [
              -104.88953755379126,
              39.76670325853722
            ],
            [
              -104.88887684357998,
              39.766897424416044
            ],
            [
              -104.88786451329358,
              39.767086038026065
            ],
            [
              -104.88666781323495,
              39.767157852499054
            ],
            [
              -104.88534572272468,
              39.76714755174255
            ],
            [
              -104.88395722108332,
              39.76708981966415
            ],
            [
              -104.88256128763145,
              39.767019340171444
            ],
            [
              -104.8812169016897,
              39.76697079717198
            ],
            [
              -104.87998304257852,
              39.76697887457335
            ],
            [
              -104.87891868961862,
              39.767078256283135
            ],
            [
              -104.87808282213048,
              39.76730362620892
            ],
            [
              -104.87753441943471,
              39.76768966825824
            ],
            [
              -104.87732338904328,
              39.768049891637965
            ],
            [
              -104.87719256409304,
              39.76848896210231
            ],
            [
              -104.87713537281503,
              39.76898788329199
            ],
            [
              -104.87714524344045,
              39.76952765884773
            ],
            [
              -104.87721560420042,
              39.77008929241024
            ],
            [
              -104.87733988332607,
              39.770653787620255
            ],
            [
              -104.87751150904856,
              39.77120214811848
            ],
            [
              -104.877723909599,
              39.77171537754566
            ],
            [
              -104.87797051320855,
              39.772174479542485
            ],
            [
              -104.87824474810834,
              39.77256045774969
            ],
            [
              -104.87864749645114,
              39.77289840213811
            ],
            [
              -104.87918352916373,
              39.77314700781975
            ],
            [
              -104.87981952566088,
              39.773328609234326
            ],
            [
              -104.8805221653572,
              39.77346554082156
            ],
            [
              -104.88125812766737,
              39.77358013702114
            ],
            [
              -104.88199409200607,
              39.77369473227276
            ],
            [
              -104.88269673778797,
              39.77383166101614
            ],
            [
              -104.88333274442773,
              39.774013257690974
            ],
            [
              -104.88386879134005,
              39.774261856736985
            ],
            [
              -104.88427155793956,
              39.77459979259385
            ],
            [
              -104.88449728277791,
              39.774983174715686
            ],
            [
              -104.8846199021659,
              39.775435669508
            ],
            [
              -104.88466519278002,
              39.775939998342494
            ],
            [
              -104.8846589312968,
              39.77647888259085
            ],
            [
              -104.8846268943928,
              39.77703504362478
            ],
            [
              -104.88459485874458,
              39.77759120281599
            ],
            [
              -104.88458860102858,
              39.77813008153617
            ],
            [
              -104.8846338979214,
              39.77863440115702
            ],
            [
              -104.88475652609957,
              39.77908688305025
            ],
            [
              -104.88498226223959,
              39.77947024858754
            ],
            [
              -104.88536263883375,
              39.779847497871756
            ],
            [
              -104.88584142918843,
              39.780196575144515
            ],
            [
              -104.886400258518,
              39.78051359824559
            ],
            [
              -104.88702075203695,
              39.78079468501475
            ],
            [
              -104.88768453495972,
              39.78103595329176
            ],
            [
              -104.88837323250078,
              39.781233520916416
            ],
            [
              -104.88906846987453,
              39.781383505728456
            ],
            [
              -104.88975187229542,
              39.78148202556767
            ],
            [
              -104.89040506497795,
              39.781525198273854
            ],
            [
              -104.8910096731365,
              39.78150914168674
            ],
            [
              -104.89156077018123,
              39.78139695652243
            ],
            [
              -104.8920988926333,
              39.78117078852177
            ],
            [
              -104.8926272844252,
              39.78085913268755
            ],
            [
              -104.89314918948949,
              39.78049048402261
            ],
            [
              -104.89366785175866,
              39.78009333752975
            ],
            [
              -104.89418651516525,
              39.77969618821177
            ],
            [
              -104.89470842364176,
              39.779327531071516
            ],
            [
              -104.8952368211207,
              39.77901586111177
            ],
            [
              -104.89577495153465,
              39.77878967333537
            ],
            [
              -104.89632605881604,
              39.7786774627451
            ],
            [
              -104.89693068144521,
              39.77866136998871
            ],
            [
              -104.89758388740918,
              39.7787044947511
            ],
            [
              -104.89826730349515,
              39.77880295765231
            ],
            [
              -104.89896255649026,
              39.77895287931228
            ],
            [
              -104.89965127318177,
              39.77915038035105
            ],
            [
              -104.90031508035692,
              39.779391581388616
            ],
            [
              -104.90093560480283,
              39.77967260304498
            ],
            [
              -104.90149447330673,
              39.779989565940134
            ],
            [
              -104.9019733126559,
              39.7803385906941
            ],
            [
              -104.90235374963747,
              39.78071579792687
            ],
            [
              -104.90261466220912,
              39.78108297383705
            ],
            [
              -104.90282710798178,
              39.781494145577895
            ],
            [
              -104.90299344950921,
              39.78194280113761
            ],
            [
              -104.90311604934516,
              39.782422428504404
            ],
            [
              -104.90319727004336,
              39.7829265156665
            ],
            [
              -104.90323947415754,
              39.78344855061209
            ],
            [
              -104.90324502424143,
              39.783982021329415
            ],
            [
              -104.90321628284877,
              39.784520415806675
            ],
            [
              -104.9031556125333,
              39.785057222032066
            ],
            [
              -104.90306537584874,
              39.785585927993814
            ],
            [
              -104.90286388209586,
              39.78630370420456
            ],
            [
              -104.90255366984034,
              39.787043473433584
            ],
            [
              -104.90215392337507,
              39.787801353411524
            ],
            [
              -104.90168382699297,
              39.78857346186902
            ],
            [
              -104.90116256498695,
              39.78935591653668
            ],
            [
              -104.9006093216499,
              39.790144835145135
            ],
            [
              -104.90004328127475,
              39.79093633542502
            ],
            [
              -104.89948362815441,
              39.791726535106974
            ],
            [
              -104.89894954658175,
              39.792511551921585
            ],
            [
              -104.8984602208497,
              39.79328750359953
            ],
            [
              -104.89799967293418,
              39.7940576105081
            ],
            [
              -104.89753911751053,
              39.79482771091083
            ],
            [
              -104.8970785545783,
              39.79559780480683
            ],
            [
              -104.89661798413704,
              39.79636789219523
            ],
            [
              -104.89615740618622,
              39.79713797307514
            ],
            [
              -104.8956968207254,
              39.79790804744567
            ],
            [
              -104.89523622775408,
              39.79867811530593
            ],
            [
              -104.89477562727184,
              39.79944817665507
            ],
            [
              -104.89431501927815,
              39.80021823149218
            ],
            [
              -104.89385440377256,
              39.80098827981637
            ],
            [
              -104.8934031046123,
              39.80177930608691
            ],
            [
              -104.89296628788904,
              39.80260299145727
            ],
            [
              -104.89253774362531,
              39.803445336380165
            ],
            [
              -104.89211126184361,
              39.804292341308226
            ],
            [
              -104.89168063256635,
              39.80513000669414
            ],
            [
              -104.89123964581609,
              39.805944332990585
            ],
            [
              -104.8907820916152,
              39.8067213206502
            ],
            [
              -104.89030175998629,
              39.80744697012569
            ],
            [
              -104.88979244095175,
              39.80810728186969
            ],
            [
              -104.88924792453409,
              39.8086882563349
            ],
            [
              -104.88877485472952,
              39.809119574211486
            ],
            [
              -104.88828193030875,
              39.80953085650017
            ],
            [
              -104.88777170185615,
              39.809917260171446
            ],
            [
              -104.88724671995618,
              39.810273942195806
            ],
            [
              -104.8867095351931,
              39.81059605954372
            ],
            [
              -104.8861626981514,
              39.81087876918566
            ],
            [
              -104.88560875941542,
              39.81111722809216
            ],
            [
              -104.8850502695695,
              39.81130659323365
            ],
            [
              -104.8844897791981,
              39.81144202158064
            ],
            [
              -104.88392983888558,
              39.811518670103624
            ],
            [
              -104.88335935930414,
              39.811521084816135
            ],
            [
              -104.88279365858631,
              39.8114431311478
            ],
            [
              -104.88222824316601,
              39.81129775602238
            ],
            [
              -104.88165861947729,
              39.81109790636366
            ],
            [
              -104.88108029395406,
              39.81085652909542
            ],
            [
              -104.88048877303032,
              39.81058657114142
            ],
            [
              -104.87987956314007,
              39.81030097942546
            ],
            [
              -104.87924817071726,
              39.8100127008713
            ],
            [
              -104.87859010219586,
              39.80973468240273
            ],
            [
              -104.87790086400987,
              39.809479870943505
            ],
            [
              -104.87684407585081,
              39.80912243485342
            ],
            [
              -104.87568799737075,
              39.80873140061742
            ],
            [
              -104.87445745255893,
              39.80831516555868
            ],
            [
              -104.8731772654047,
              39.8078821270004
            ],
            [
              -104.87187225989737,
              39.807440682265735
            ],
            [
              -104.87056726002622,
              39.80699922867788
            ],
            [
              -104.86928708978056,
              39.80656616356002
            ],
            [
              -104.8680565731497,
              39.80614988423532
            ],
            [
              -104.866900534123,
              39.80575878802698
            ],
            [
              -104.8658437966897,
              39.80540127225817
            ],
            [
              -104.8651549512606,
              39.80518337409424
            ],
            [
              -104.86449778083117,
              39.80499976983431
            ],
            [
              -104.8638675769605,
              39.80483875911638
            ],
            [
              -104.86325963120757,
              39.80468864157845
            ],
            [
              -104.86266923513149,
              39.80453771685852
            ],
            [
              -104.86209168029119,
              39.80437428459455
            ],
            [
              -104.86152225824578,
              39.80418664442457
            ],
            [
              -104.86095626055429,
              39.80396309598656
            ],
            [
              -104.8603889787757,
              39.80369193891849
            ],
            [
              -104.8598157044691,
              39.80336147285839
            ],
            [
              -104.85912707074948,
              39.80285303244865
            ],
            [
              -104.85847581148381,
              39.80224020949073
            ],
            [
              -104.85784915459266,
              39.801546936941925
            ],
            [
              -104.8572343279965,
              39.800797147759475
            ],
            [
              -104.85661855961591,
              39.8000147749007
            ],
            [
              -104.85598907737136,
              39.79922375132285
            ],
            [
              -104.85533310918339,
              39.7984480099832
            ],
            [
              -104.85463788297254,
              39.79771148383904
            ],
            [
              -104.85389062665931,
              39.79703810584764
            ],
            [
              -104.85307856816424,
              39.79645180896628
            ],
            [
              -104.8520598465586,
              39.79585409097302
            ],
            [
              -104.85096227970641,
              39.79529103550286
            ],
            [
              -104.84979987723403,
              39.79476544159394
            ],
            [
              -104.8485866487677,
              39.794280108284404
            ],
            [
              -104.84733660393385,
              39.79383783461242
            ],
            [
              -104.8460637523587,
              39.79344141961611
            ],
            [
              -104.8447821036686,
              39.793093662333646
            ],
            [
              -104.84350566748991,
              39.79279736180317
            ],
            [
              -104.84224845344893,
              39.792555317062835
            ],
            [
              -104.84102447117199,
              39.79237032715079
            ],
            [
              -104.83988802659773,
              39.792266200601766
            ],
            [
              -104.83875240654572,
              39.792238832345504
            ],
            [
              -104.83761746546011,
              39.79227467482336
            ],
            [
              -104.83648305778522,
              39.79236018047672
            ],
            [
              -104.83534903796516,
              39.792481801746945
            ],
            [
              -104.83421526044418,
              39.792625991075404
            ],
            [
              -104.83308157966651,
              39.79277920090345
            ],
            [
              -104.83194785007636,
              39.792927883672476
            ],
            [
              -104.83081392611794,
              39.79305849182384
            ],
            [
              -104.82967966223546,
              39.793157477798914
            ],
            [
              -104.82852825215718,
              39.79325423103442
            ],
            [
              -104.82735050253348,
              39.79337912883382
            ],
            [
              -104.82615770161496,
              39.79352010443856
            ],
            [
              -104.82496113765237,
              39.79366509109009
            ],
            [
              -104.82377209889634,
              39.793802022029865
            ],
            [
              -104.8226018735975,
              39.79391883049933
            ],
            [
              -104.82146175000658,
              39.79400344973995
            ],
            [
              -104.82036301637417,
              39.79404381299315
            ],
            [
              -104.81931696095094,
              39.79402785350039
            ],
            [
              -104.81833487198762,
              39.79394350450312
            ],
            [
              -104.81765630771821,
              39.79383359569895
            ],
            [
              -104.81702800538878,
              39.79369032820843
            ],
            [
              -104.8164374467868,
              39.79351835097433
            ],
            [
              -104.81587211369965,
              39.79332231293935
            ],
            [
              -104.81531948791476,
              39.79310686304623
            ],
            [
              -104.81476705121959,
              39.79287665023772
            ],
            [
              -104.8142022854015,
              39.79263632345651
            ],
            [
              -104.81361267224797,
              39.79239053164538
            ],
            [
              -104.81298569354638,
              39.792143923747034
            ],
            [
              -104.8123088310842,
              39.791901148704206
            ],
            [
              -104.81125255746593,
              39.791543089276
            ],
            [
              -104.81009704190336,
              39.7911513731472
            ],
            [
              -104.80886709629667,
              39.790734412282426
            ],
            [
              -104.80758753254617,
              39.790300618646285
            ],
            [
              -104.80628316255209,
              39.78985840420336
            ],
            [
              -104.80497879821473,
              39.789416180918266
            ],
            [
              -104.80369925143434,
              39.788982360755604
            ],
            [
              -104.80246933411118,
              39.78856535567997
            ],
            [
              -104.80131385814555,
              39.788173577655975
            ],
            [
              -104.80025763543767,
              39.78781543864822
            ],
            [
              -104.79954636600264,
              39.78759946438444
            ],
            [
              -104.79883135225165,
              39.78742142735095
            ],
            [
              -104.79812306113516,
              39.787268070990606
            ],
            [
              -104.79743195960347,
              39.78712613874626
            ],
            [
              -104.79676851460701,
              39.786982374060784
            ],
            [
              -104.79614319309623,
              39.786823520377055
            ],
            [
              -104.79556646202153,
              39.78663632113796
            ],
            [
              -104.79504878833325,
              39.786407519786344
            ],
            [
              -104.79460063898183,
              39.7861238597651
            ],
            [
              -104.7942324809177,
              39.78577208451706
            ],
            [
              -104.79397198123661,
              39.78540471203085
            ],
            [
              -104.7937600027822,
              39.784993389378556
            ],
            [
              -104.79359417229207,
              39.78454462567776
            ],
            [
              -104.79347211650378,
              39.784064930046036
            ],
            [
              -104.79339146215487,
              39.78356081160095
            ],
            [
              -104.7933498359829,
              39.78303877946008
            ],
            [
              -104.79334486472547,
              39.782505342741004
            ],
            [
              -104.79337417512012,
              39.781967010561274
            ],
            [
              -104.79343539390439,
              39.781430292038486
            ],
            [
              -104.79352614781587,
              39.7809016962902
            ],
            [
              -104.79371902515634,
              39.780163085781716
            ],
            [
              -104.79400615778121,
              39.779369896516286
            ],
            [
              -104.79437455826725,
              39.77853999829394
            ],
            [
              -104.7948112391914,
              39.777691260914715
            ],
            [
              -104.79530321313047,
              39.776841554178674
            ],
            [
              -104.79583749266129,
              39.776008747885875
            ],
            [
              -104.79640109036077,
              39.77521071183636
            ],
            [
              -104.79698101880578,
              39.77446531583019
            ],
            [
              -104.79756429057312,
              39.77379042966741
            ],
            [
              -104.79813791823969,
              39.773203923148074
            ],
            [
              -104.7986024022164,
              39.77278572273679
            ],
            [
              -104.79907313619032,
              39.772407481989084
            ],
            [
              -104.79955338428596,
              39.77206550355252
            ],
            [
              -104.8000464106278,
              39.771756090074604
            ],
            [
              -104.80055547934039,
              39.771475544202886
            ],
            [
              -104.80108385454824,
              39.77122016858491
            ],
            [
              -104.80163480037584,
              39.770986265868224
            ],
            [
              -104.80221158094773,
              39.77077013870033
            ],
            [
              -104.8028174603884,
              39.77056808972878
            ],
            [
              -104.80345570282236,
              39.77037642160113
            ],
            [
              -104.80441764122,
              39.770134506872154
            ],
            [
              -104.8054853263379,
              39.7699254346371
            ],
            [
              -104.8066334586062,
              39.769750507297736
            ],
            [
              -104.8078367384549,
              39.769611027255806
            ],
            [
              -104.80906986631413,
              39.76950829691305
            ],
            [
              -104.81030754261391,
              39.76944361867125
            ],
            [
              -104.81152446778441,
              39.76941829493213
            ],
            [
              -104.81269534225568,
              39.769433628097474
            ],
            [
              -104.81379486645774,
              39.76949092056902
            ],
            [
              -104.81479774082074,
              39.76959147474852
            ],
            [
              -104.81547616403269,
              39.76970142790694
            ],
            [
              -104.81610432996816,
              39.76984474063159
            ],
            [
              -104.81669475650163,
              39.770016761684815
            ],
            [
              -104.81725996150757,
              39.77021283982894
            ],
            [
              -104.81781246286056,
              39.77042832382632
            ],
            [
              -104.81836477843503,
              39.77065856243931
            ],
            [
              -104.8189294261055,
              39.770898904430226
            ],
            [
              -104.81951892374641,
              39.771144698561436
            ],
            [
              -104.82014578923233,
              39.77139129359526
            ],
            [
              -104.82082254043773,
              39.77163403829405
            ],
            [
              -104.82187870083672,
              39.77199203871386
            ],
            [
              -104.82303410862663,
              39.77238366513106
            ],
            [
              -104.82426395337171,
              39.7728005088363
            ],
            [
              -104.82554342463634,
              39.773234161120286
            ],
            [
              -104.82684771198475,
              39.77367621327366
            ],
            [
              -104.82815200498132,
              39.774118256587116
            ],
            [
              -104.82943149319031,
              39.77455188235132
            ],
            [
              -104.83066136617612,
              39.77496868185696
            ],
            [
              -104.83181681350297,
              39.775360246394705
            ],
            [
              -104.8328730247352,
              39.775718167255214
            ],
            [
              -104.83355001419797,
              39.77594757262736
            ],
            [
              -104.83417738265015,
              39.7761601582749
            ],
            [
              -104.83476753621927,
              39.776360127524285
            ],
            [
              -104.83533288103295,
              39.776551683702
            ],
            [
              -104.83588582321867,
              39.7767390301345
            ],
            [
              -104.83643876890402,
              39.77692637014826
            ],
            [
              -104.83700412421652,
              39.77711790706972
            ],
            [
              -104.83759429528371,
              39.777317844225365
            ],
            [
              -104.8382216882332,
              39.77753038494166
            ],
            [
              -104.83889870919246,
              39.77775973254506
            ],
            [
              -104.83996853285568,
              39.77817607658509
            ],
            [
              -104.84115863125793,
              39.778717059171434
            ],
            [
              -104.84243518484155,
              39.77933526327828
            ],
            [
              -104.84376437404896,
              39.77998327187974
            ],
            [
              -104.8451123793225,
              39.780613667950014
            ],
            [
              -104.84644538110456,
              39.78117903446324
            ],
            [
              -104.84772955983753,
              39.781631954393575
            ],
            [
              -104.84893109596382,
              39.781925010715206
            ],
            [
              -104.85001616992577,
              39.78201078640226
            ],
            [
              -104.85095096216574,
              39.78184186442891
            ],
            [
              -104.85166464324931,
              39.78147870548372
            ],
            [
              -104.85236906639187,
              39.78093572496789
            ],
            [
              -104.8530466289889,
              39.7802464500069
            ],
            [
              -104.85367972843588,
              39.77944440772621
            ],
            [
              -104.85425076212829,
              39.778563125251296
            ],
            [
              -104.85474212746162,
              39.77763612970762
            ],
            [
              -104.85513622183133,
              39.77669694822067
            ],
            [
              -104.85541544263297,
              39.77577910791591
            ],
            [
              -104.855562187262,
              39.77491613591881
            ],
            [
              -104.85555885311386,
              39.77414155935483
            ],
            [
              -104.85532998020842,
              39.77340563914013
            ],
            [
              -104.85485492516962,
              39.77268755808307
            ],
            [
              -104.85418895501637,
              39.771984355978624
            ],
            [
              -104.85338733676772,
              39.77129307262186
            ],
            [
              -104.8525053374427,
              39.770610747807766
            ],
            [
              -104.85159822406027,
              39.769934421331385
            ],
            [
              -104.85072126363937,
              39.76926113298771
            ],
            [
              -104.84992972319908,
              39.76858792257179
            ],
            [
              -104.84927886975841,
              39.76791182987861
            ],
            [
              -104.84882397033628,
              39.76722989470321
            ],
            [
              -104.84859889965793,
              39.76674377357583
            ],
            [
              -104.84840737677577,
              39.766263536144194
            ],
            [
              -104.84824966998247,
              39.765786893563444
            ],
            [
              -104.84812604757062,
              39.76531155698867
            ],
            [
              -104.84803677783287,
              39.76483523757501
            ],
            [
              -104.84798212906179,
              39.76435564647756
            ],
            [
              -104.84796236955005,
              39.76387049485146
            ],
            [
              -104.84797776759022,
              39.76337749385182
            ],
            [
              -104.84802859147496,
              39.76287435463375
            ],
            [
              -104.84811510949686,
              39.76235878835238
            ],
            [
              -104.8483075791031,
              39.761619940005936
            ],
            [
              -104.8485942575193,
              39.760826450179735
            ],
            [
              -104.84896217070674,
              39.759996199533205
            ],
            [
              -104.8493983446267,
              39.75914706872572
            ],
            [
              -104.84988980524048,
              39.7582969384167
            ],
            [
              -104.85042357850935,
              39.75746368926556
            ],
            [
              -104.8509866903946,
              39.75666520193171
            ],
            [
              -104.85156616685751,
              39.75591935707453
            ],
            [
              -104.85214903385936,
              39.75524403535345
            ],
            [
              -104.85272231736144,
              39.754657117427875
            ],
            [
              -104.85318652261492,
              39.75423862630319
            ],
            [
              -104.85365700069494,
              39.75386009021489
            ],
            [
              -104.85413701342657,
              39.75351781127777
            ],
            [
              -104.85462982263485,
              39.753208091606545
            ],
            [
              -104.85513869014484,
              39.75292723331602
            ],
            [
              -104.85566687778152,
              39.75267153852094
            ],
            [
              -104.85621764737004,
              39.7524373093361
            ],
            [
              -104.8567942607354,
              39.75222084787623
            ],
            [
              -104.8573999797026,
              39.752018456256096
            ],
            [
              -104.85803806609678,
              39.751826436590484
            ],
            [
              -104.85898285670625,
              39.751602128943794
            ],
            [
              -104.86000708939183,
              39.75143879991979
            ],
            [
              -104.86109674490861,
              39.75132568660941
            ],
            [
              -104.86223780401171,
              39.75125202610366
            ],
            [
              -104.86341624745629,
              39.75120705549348
            ],
            [
              -104.86461805599741,
              39.75118001186986
            ],
            [
              -104.86582921039026,
              39.751160132323776
            ],
            [
              -104.86703569138993,
              39.751136653946205
            ],
            [
              -104.86822347975158,
              39.751098813828115
            ],
            [
              -104.86937855623025,
              39.751035849060464
            ],
            [
              -104.87052952371157,
              39.75093860968558
            ],
            [
              -104.87170680389637,
              39.750813174435855
            ],
            [
              -104.87289911977813,
              39.750671622459706
            ],
            [
              -104.87409519435052,
              39.750526032905526
            ],
            [
              -104.87528375060705,
              39.750388484921686
            ],
            [
              -104.87645351154134,
              39.7502710576566
            ],
            [
              -104.87759320014698,
              39.75018583025865
            ],
            [
              -104.87869153941753,
              39.750144881876224
            ],
            [
              -104.87973725234656,
              39.75016029165773
            ],
            [
              -104.8807190619277,
              39.75024413875155
            ],
            [
              -104.88140905241026,
              39.75034246736764
            ],
            [
              -104.88206677203883,
              39.75045668625275
            ],
            [
              -104.88269703623995,
              39.75058963870545
            ],
            [
              -104.88330466044042,
              39.75074416802438
            ],
            [
              -104.88389446006687,
              39.75092311750815
            ],
            [
              -104.884471250546,
              39.751129330455385
            ],
            [
              -104.88503984730445,
              39.75136565016466
            ],
            [
              -104.88560506576897,
              39.75163491993463
            ],
            [
              -104.88617172136621,
              39.7519399830639
            ],
            [
              -104.88674462952287,
              39.752283682851086
            ],
            [
              -104.88747907626598,
              39.75277858124973
            ],
            [
              -104.88824755952035,
              39.753356752968195
            ],
            [
              -104.88903225201558,
              39.754003317100825
            ],
            [
              -104.8898153264814,
              39.75470339274199
            ],
            [
              -104.89057895564736,
              39.75544209898606
            ],
            [
              -104.89130531224319,
              39.75620455492742
            ],
            [
              -104.89197656899852,
              39.75697587966042
            ],
            [
              -104.89257489864295,
              39.75774119227944
            ],
            [
              -104.89308247390619,
              39.758485611878854
            ],
            [
              -104.89348146751783,
              39.75919425755303
            ]
          ],
          [
            [
              -104.87045172997162,
              39.797702101918176
            ],
            [
              -104.87103419922434,
              39.7976234942146
            ],
            [
              -104.87165237800778,
              39.79748296562761
            ],
            [
              -104.8722886497634,
              39.7972867021508
            ],
            [
              -104.87292539793262,
              39.79704088977773
            ],
            [
              -104.87354500595691,
              39.796751714502
            ],
            [
              -104.87412985727767,
              39.796425362317194
            ],
            [
              -104.87466233533635,
              39.79606801921689
            ],
            [
              -104.8751248235744,
              39.79568587119467
            ],
            [
              -104.87549970543327,
              39.795285104244115
            ],
            [
              -104.87576936435433,
              39.794871904358814
            ],
            [
              -104.87592980634206,
              39.79446086746268
            ],
            [
              -104.87603127048273,
              39.793992365247526
            ],
            [
              -104.87607658361051,
              39.79348161884346
            ],
            [
              -104.87606857255963,
              39.79294384938058
            ],
            [
              -104.87601006416429,
              39.79239427798902
            ],
            [
              -104.87590388525874,
              39.79184812579886
            ],
            [
              -104.87575286267716,
              39.791320613940215
            ],
            [
              -104.87555982325381,
              39.79082696354321
            ],
            [
              -104.87532759382282,
              39.790382395737936
            ],
            [
              -104.87505900121847,
              39.79000213165451
            ],
            [
              -104.87467865042962,
              39.78962485274853
            ],
            [
              -104.8741998827989,
              39.78927573830546
            ],
            [
              -104.87364107178175,
              39.788958670168185
            ],
            [
              -104.87302059083359,
              39.78867753017961
            ],
            [
              -104.87235681340982,
              39.78843620018264
            ],
            [
              -104.87166811296586,
              39.78823856202014
            ],
            [
              -104.87097286295713,
              39.78808849753501
            ],
            [
              -104.87028943683909,
              39.78798988857016
            ],
            [
              -104.86963620806706,
              39.78794661696847
            ],
            [
              -104.86903155009651,
              39.78796256457282
            ],
            [
              -104.86844910952101,
              39.78804116914005
            ],
            [
              -104.86783096502143,
              39.78818169118156
            ],
            [
              -104.86719473054609,
              39.788377945343036
            ],
            [
              -104.86655802004324,
              39.788623746270105
            ],
            [
              -104.8659384474612,
              39.78891290860844
            ],
            [
              -104.86535362674825,
              39.78923924700369
            ],
            [
              -104.86482117185264,
              39.789596576101545
            ],
            [
              -104.86435869672272,
              39.78997871054762
            ],
            [
              -104.86398381530674,
              39.79037946498762
            ],
            [
              -104.86371414155302,
              39.790792654067175
            ],
            [
              -104.86355366792195,
              39.79120368688597
            ],
            [
              -104.86345215788766,
              39.791672185525485
            ],
            [
              -104.8634067880433,
              39.792182928939894
            ],
            [
              -104.86341473498209,
              39.79272069608337
            ],
            [
              -104.86347317529706,
              39.79327026591005
            ],
            [
              -104.8635792855815,
              39.79381641737413
            ],
            [
              -104.86373024242843,
              39.79434392942974
            ],
            [
              -104.86392322243113,
              39.794837581031054
            ],
            [
              -104.86415540218272,
              39.79528215113228
            ],
            [
              -104.8644239582763,
              39.795662418687506
            ],
            [
              -104.86480429827932,
              39.79603971599985
            ],
            [
              -104.86528307362322,
              39.79638884833626
            ],
            [
              -104.86584190748572,
              39.79670593348027
            ],
            [
              -104.86646242304452,
              39.796987089215435
            ],
            [
              -104.86712624347737,
              39.797228433325266
            ],
            [
              -104.86781499196191,
              39.797426083593294
            ],
            [
              -104.86851029167592,
              39.79757615780308
            ],
            [
              -104.86919376579705,
              39.79767477373813
            ],
            [
              -104.86984703750306,
              39.79771804918198
            ],
            [
              -104.87045172997162,
              39.797702101918176
            ]
          ]
        ]
      },
      "properties": {}
    },
    {
      "type": "Feature",
      "geometry": {
        "type": "Polygon",
        "coordinates": [
          [
            [
              -105.04221075030206,
              39.67975602244976
            ],
            [
              -105.0428182303131,
              39.680072197385
            ],
            [
              -105.04347292827738,
              39.68030782717345
            ],
            [
              -105.0441567310806,
              39.6804837057299
            ],
            [
              -105.04485152560858,
              39.68062062696916
            ],
            [
              -105.04553919874692,
              39.68073938480601
            ],
            [
              -105.04620163738136,
              39.680860773155246
            ],
            [
              -105.04682072839762,
              39.68100558593167
            ],
            [
              -105.04737835868144,
              39.681194617050096
            ],
            [
              -105.04785641511845,
              39.68144866042529
            ],
            [
              -105.04823678459444,
              39.68178850997206
            ],
            [
              -105.04850607784047,
              39.68216879205692
            ],
            [
              -105.04873908126976,
              39.68261349979999
            ],
            [
              -105.04893294599324,
              39.68310740232371
            ],
            [
              -105.04908482312179,
              39.68363526875044
            ],
            [
              -105.0491918637662,
              39.684181868202586
            ],
            [
              -105.04925121903736,
              39.68473196980254
            ],
            [
              -105.04926004004612,
              39.685270342672716
            ],
            [
              -105.04921547790333,
              39.68578175593548
            ],
            [
              -105.04911468371984,
              39.68625097871323
            ],
            [
              -105.0489548086065,
              39.686662780128394
            ],
            [
              -105.04867720675941,
              39.687041182128134
            ],
            [
              -105.04828090571422,
              39.687352205847034
            ],
            [
              -105.04778931320072,
              39.68761326611242
            ],
            [
              -105.04722583694864,
              39.687841777751665
            ],
            [
              -105.04661388468782,
              39.68805515559211
            ],
            [
              -105.04597686414793,
              39.688270814461085
            ],
            [
              -105.0453381830588,
              39.688506169185956
            ],
            [
              -105.04472124915021,
              39.68877863459406
            ],
            [
              -105.04414947015192,
              39.689105625512745
            ],
            [
              -105.04364625379368,
              39.689504556769364
            ],
            [
              -105.04307418095031,
              39.69009290981709
            ],
            [
              -105.04249273692953,
              39.690769750452716
            ],
            [
              -105.0419148487262,
              39.69151716018323
            ],
            [
              -105.04135344333503,
              39.692317220515626
            ],
            [
              -105.04082144775077,
              39.693152012956915
            ],
            [
              -105.04033178896822,
              39.6940036190141
            ],
            [
              -105.03989739398212,
              39.69485412019415
            ],
            [
              -105.03953118978728,
              39.695685598004104
            ],
            [
              -105.03924610337847,
              39.69648013395094
            ],
            [
              -105.0390550617504,
              39.69721980954165
            ],
            [
              -105.03900064817117,
              39.69773294977666
            ],
            [
              -105.03903036280278,
              39.698228908128804
            ],
            [
              -105.03912317275037,
              39.698711979377066
            ],
            [
              -105.039258045119,
              39.699186458300325
            ],
            [
              -105.03941394701376,
              39.69965663967758
            ],
            [
              -105.03956984553975,
              39.70012681828773
            ],
            [
              -105.03970470780204,
              39.700601288909745
            ],
            [
              -105.03979750090575,
              39.701084346322546
            ],
            [
              -105.03982719195592,
              39.70158028530508
            ],
            [
              -105.03977274805767,
              39.70209340063629
            ],
            [
              -105.03951486956575,
              39.70283789941084
            ],
            [
              -105.03905904006588,
              39.70364485060668
            ],
            [
              -105.03846271420768,
              39.70449307732365
            ],
            [
              -105.0377833466408,
              39.70536140266162
            ],
            [
              -105.03707839201488,
              39.70622864972043
            ],
            [
              -105.03640530497961,
              39.70707364159993
            ],
            [
              -105.03582154018457,
              39.707875201399986
            ],
            [
              -105.03538455227947,
              39.70861215222043
            ],
            [
              -105.03515179591393,
              39.70926331716113
            ],
            [
              -105.0351807257376,
              39.70980751932192
            ],
            [
              -105.03542614031188,
              39.710210977372476
            ],
            [
              -105.03583912241305,
              39.71059966762192
            ],
            [
              -105.03638661301937,
              39.71096244307526
            ],
            [
              -105.03703555310913,
              39.71128815673747
            ],
            [
              -105.03775288366066,
              39.71156566161353
            ],
            [
              -105.0385055456522,
              39.71178381070845
            ],
            [
              -105.03926048006204,
              39.711931457027205
            ],
            [
              -105.0399846278685,
              39.71199745357478
            ],
            [
              -105.04064493004985,
              39.711970653356175
            ],
            [
              -105.04120832758437,
              39.71183990937638
            ],
            [
              -105.04177112582286,
              39.71149293923475
            ],
            [
              -105.04227194579792,
              39.710926316911554
            ],
            [
              -105.04272539366121,
              39.71018704087235
            ],
            [
              -105.04314607556438,
              39.70932210958268
            ],
            [
              -105.04354859765905,
              39.70837852150808
            ],
            [
              -105.04394756609686,
              39.70740327511409
            ],
            [
              -105.04435758702944,
              39.70644336886625
            ],
            [
              -105.04479326660847,
              39.705545801230116
            ],
            [
              -105.04526921098551,
              39.70475757067122
            ],
            [
              -105.04580002631224,
              39.70412567565508
            ],
            [
              -105.04627200890346,
              39.70369335480235
            ],
            [
              -105.04676386348977,
              39.703280989232326
            ],
            [
              -105.04727305009281,
              39.70289344385911
            ],
            [
              -105.04779702873435,
              39.70253558359684
            ],
            [
              -105.04833325943596,
              39.70221227335963
            ],
            [
              -105.04887920221935,
              39.70192837806157
            ],
            [
              -105.04943231710621,
              39.701688762616804
            ],
            [
              -105.04999006411818,
              39.70149829193944
            ],
            [
              -105.05054990327694,
              39.70136183094359
            ],
            [
              -105.05110929460419,
              39.70128424454337
            ],
            [
              -105.05171355756849,
              39.70126732998556
            ],
            [
              -105.0523664634709,
              39.70130964418888
            ],
            [
              -105.05304964555745,
              39.701407316891235
            ],
            [
              -105.05374473707413,
              39.7015564778305
            ],
            [
              -105.05443337126695,
              39.70175325674458
            ],
            [
              -105.05509718138194,
              39.70199378337135
            ],
            [
              -105.0557178006651,
              39.70227418744871
            ],
            [
              -105.05627686236241,
              39.702590598714565
            ],
            [
              -105.05675599971991,
              39.70293914690677
            ],
            [
              -105.05713684598365,
              39.70331596176326
            ],
            [
              -105.0573983530842,
              39.703683085519636
            ],
            [
              -105.05761141952374,
              39.70409430046841
            ],
            [
              -105.05777840668253,
              39.7045430892933
            ],
            [
              -105.05790167594085,
              39.70502293467794
            ],
            [
              -105.05798358867906,
              39.70552731930603
            ],
            [
              -105.05802650627736,
              39.70604972586122
            ],
            [
              -105.05803279011609,
              39.706583637027215
            ],
            [
              -105.05800480157549,
              39.70712253548764
            ],
            [
              -105.05794490203581,
              39.70765990392621
            ],
            [
              -105.0578554528774,
              39.70818922502657
            ],
            [
              -105.0576551201819,
              39.70890782936644
            ],
            [
              -105.05734617362984,
              39.7096486200579
            ],
            [
              -105.05694777904932,
              39.71040768072117
            ],
            [
              -105.05647910226841,
              39.71118109497646
            ],
            [
              -105.05595930911525,
              39.71196494644401
            ],
            [
              -105.05540756541788,
              39.71275531874404
            ],
            [
              -105.05484303700439,
              39.71354829549675
            ],
            [
              -105.05428488970291,
              39.71433996032239
            ],
            [
              -105.05375228934149,
              39.71512639684117
            ],
            [
              -105.05326440174828,
              39.71590368867332
            ],
            [
              -105.05281462049012,
              39.71669608704746
            ],
            [
              -105.05237938594732,
              39.717521149326195
            ],
            [
              -105.05195246060029,
              39.71836487392176
            ],
            [
              -105.0515276069294,
              39.719213259246345
            ],
            [
              -105.051098587415,
              39.720052303712166
            ],
            [
              -105.05065916453745,
              39.72086800573142
            ],
            [
              -105.05020310077714,
              39.72164636371632
            ],
            [
              -105.04972415861442,
              39.722373376079084
            ],
            [
              -105.0492161005297,
              39.72303504123191
            ],
            [
              -105.04867268900331,
              39.723617357586996
            ],
            [
              -105.04816930383431,
              39.724016211602994
            ],
            [
              -105.04759731731365,
              39.72434310145189
            ],
            [
              -105.04698014975644,
              39.7246154477818
            ],
            [
              -105.04634122147776,
              39.724850671240894
            ],
            [
              -105.04570395279273,
              39.7250661924773
            ],
            [
              -105.04509176401646,
              39.725279432139175
            ],
            [
              -105.04452807546402,
              39.72550781087465
            ],
            [
              -105.04403630745048,
              39.72576874933188
            ],
            [
              -105.04363988029098,
              39.72607966815902
            ],
            [
              -105.04336221430057,
              39.72645798800419
            ],
            [
              -105.04320236764238,
              39.72686960417609
            ],
            [
              -105.04310159765627,
              39.72733862439347
            ],
            [
              -105.04305705531382,
              39.72784982282037
            ],
            [
              -105.04306589158676,
              39.728387973620855
            ],
            [
              -105.04312525744666,
              39.72893785095897
            ],
            [
              -105.04323230386521,
              39.729484228998786
            ],
            [
              -105.04338418181399,
              39.73001188190432
            ],
            [
              -105.0435780422647,
              39.73050558383963
            ],
            [
              -105.04381103618898,
              39.73095010896879
            ],
            [
              -105.04408031455849,
              39.731330231455836
            ],
            [
              -105.0444608264838,
              39.73167006459876
            ],
            [
              -105.04493907890921,
              39.73192407249603
            ],
            [
              -105.04549695248639,
              39.732113050344175
            ],
            [
              -105.04611632786717,
              39.73225779333975
            ],
            [
              -105.04677908570319,
              39.73237909667928
            ],
            [
              -105.04746710664627,
              39.73249775555932
            ],
            [
              -105.04816227134813,
              39.73263456517641
            ],
            [
              -105.04884646046048,
              39.73281032072709
            ],
            [
              -105.04950155463509,
              39.733045817407884
            ],
            [
              -105.0501094345237,
              39.73336185041534
            ],
            [
              -105.05084473033419,
              39.73385585826895
            ],
            [
              -105.05161418693622,
              39.73443311665607
            ],
            [
              -105.052399954328,
              39.73507876501178
            ],
            [
              -105.0531841825076,
              39.73577794277111
            ],
            [
              -105.05394902147323,
              39.736515789369165
            ],
            [
              -105.05467662122304,
              39.73727744424099
            ],
            [
              -105.05534913175516,
              39.73804804682165
            ],
            [
              -105.05594870306773,
              39.738812736546215
            ],
            [
              -105.05645748515894,
              39.73955665284977
            ],
            [
              -105.05685762802693,
              39.740264935167346
            ],
            [
              -105.05706679759271,
              39.740746552892354
            ],
            [
              -105.05721614764701,
              39.741215638333195
            ],
            [
              -105.05731667014697,
              39.74167735274207
            ],
            [
              -105.05737935704973,
              39.74213685737116
            ],
            [
              -105.0574152003125,
              39.74259931347266
            ],
            [
              -105.05743519189235,
              39.74306988229875
            ],
            [
              -105.0574503237465,
              39.74355372510162
            ],
            [
              -105.05747158783207,
              39.74405600313345
            ],
            [
              -105.05750997610618,
              39.74458187764644
            ],
            [
              -105.05757648052601,
              39.74513650989276
            ],
            [
              -105.05770249970587,
              39.74599042156749
            ],
            [
              -105.05784036284618,
              39.74692456394409
            ],
            [
              -105.0579871094661,
              39.74791887848999
            ],
            [
              -105.05813977908478,
              39.74895330667256
            ],
            [
              -105.05829541122148,
              39.75000778995921
            ],
            [
              -105.05845104539527,
              39.75106226981734
            ],
            [
              -105.0586037211254,
              39.75209668771437
            ],
            [
              -105.05875047793101,
              39.75309098511769
            ],
            [
              -105.0588883553313,
              39.75402510349471
            ],
            [
              -105.05901439284544,
              39.75487898431281
            ],
            [
              -105.05911206799115,
              39.755430556956085
            ],
            [
              -105.05923010138679,
              39.75594870739451
            ],
            [
              -105.05935871125855,
              39.75644059539782
            ],
            [
              -105.0594881158325,
              39.75691338073568
            ],
            [
              -105.05960853333477,
              39.75737422317786
            ],
            [
              -105.05971018199149,
              39.75783028249405
            ],
            [
              -105.0597832800288,
              39.75828871845396
            ],
            [
              -105.05981804567276,
              39.758756690827305
            ],
            [
              -105.05980469714957,
              39.75924135938382
            ],
            [
              -105.05973345268525,
              39.759749883893186
            ],
            [
              -105.05950681910072,
              39.760461176125084
            ],
            [
              -105.05913070861423,
              39.76118375850321
            ],
            [
              -105.05864178425362,
              39.761918377919145
            ],
            [
              -105.05807670904667,
              39.7626657812645
            ],
            [
              -105.0574721460213,
              39.76342671543088
            ],
            [
              -105.05686475820522,
              39.764201927309905
            ],
            [
              -105.05629120862633,
              39.76499216379316
            ],
            [
              -105.05578816031249,
              39.76579817177225
            ],
            [
              -105.0553922762915,
              39.7666206981388
            ],
            [
              -105.0551402195912,
              39.76746048978439
            ],
            [
              -105.05502729702052,
              39.76838060918962
            ],
            [
              -105.05502651840494,
              39.76935307689324
            ],
            [
              -105.05511722321825,
              39.77036275601684
            ],
            [
              -105.05527875093415,
              39.77139450968196
            ],
            [
              -105.05549044102649,
              39.7724332010102
            ],
            [
              -105.05573163296899,
              39.77346369312313
            ],
            [
              -105.05598166623548,
              39.774470849142304
            ],
            [
              -105.05621988029966,
              39.77543953218929
            ],
            [
              -105.0564256146354,
              39.776354605385684
            ],
            [
              -105.05657820871637,
              39.77720093185303
            ],
            [
              -105.05667589064312,
              39.77775239112335
            ],
            [
              -105.05679393434107,
              39.778270437851525
            ],
            [
              -105.05692255647111,
              39.778762229160236
            ],
            [
              -105.05705197369403,
              39.77923492217218
            ],
            [
              -105.05717240267063,
              39.77969567401001
            ],
            [
              -105.05727406006179,
              39.78015164179644
            ],
            [
              -105.0573471625283,
              39.78060998265412
            ],
            [
              -105.05738192673097,
              39.78107785370574
            ],
            [
              -105.05736856933066,
              39.781562412073995
            ],
            [
              -105.0572973069882,
              39.78207081488156
            ],
            [
              -105.05710620143708,
              39.78280993948411
            ],
            [
              -105.05682093978047,
              39.78360386416283
            ],
            [
              -105.05645446933264,
              39.78443468506112
            ],
            [
              -105.05601973740795,
              39.785284498322426
            ],
            [
              -105.05552969132079,
              39.78613540009015
            ],
            [
              -105.05499727838546,
              39.78696948650772
            ],
            [
              -105.05443544591634,
              39.787768853718575
            ],
            [
              -105.05385714122772,
              39.788515597866095
            ],
            [
              -105.05327531163402,
              39.78919181509372
            ],
            [
              -105.05270290444955,
              39.7897796015449
            ],
            [
              -105.05223920137907,
              39.790198864781615
            ],
            [
              -105.05176913246596,
              39.79057815772712
            ],
            [
              -105.05128944494712,
              39.7909211872105
            ],
            [
              -105.05079688605953,
              39.7912316600609
            ],
            [
              -105.0502882030401,
              39.79151328310746
            ],
            [
              -105.04976014312584,
              39.7917697631793
            ],
            [
              -105.04920945355369,
              39.792004807105556
            ],
            [
              -105.04863288156051,
              39.79222212171535
            ],
            [
              -105.04802717438338,
              39.792425413837805
            ],
            [
              -105.04738907925916,
              39.79261839030207
            ],
            [
              -105.04644404857167,
              39.79284415673041
            ],
            [
              -105.04541941947292,
              39.79300905622041
            ],
            [
              -105.04432923867331,
              39.79312382801789
            ],
            [
              -105.04318755288345,
              39.793199211368645
            ],
            [
              -105.04200840881384,
              39.79324594551849
            ],
            [
              -105.04080585317499,
              39.793274769713236
            ],
            [
              -105.03959393267739,
              39.79329642319868
            ],
            [
              -105.03838669403163,
              39.793321645220644
            ],
            [
              -105.03719818394818,
              39.79336117502493
            ],
            [
              -105.03604244913755,
              39.79342575185733
            ],
            [
              -105.03489088581713,
              39.79352455799007
            ],
            [
              -105.03371302965789,
              39.79365155814349
            ],
            [
              -105.03252014885426,
              39.793794664360696
            ],
            [
              -105.03132351160077,
              39.79394178868485
            ],
            [
              -105.03013438609192,
              39.794080843159094
            ],
            [
              -105.02896404052217,
              39.79419973982656
            ],
            [
              -105.02782374308603,
              39.79428639073038
            ],
            [
              -105.02672476197797,
              39.7943287079137
            ],
            [
              -105.02567836539252,
              39.79431460341968
            ],
            [
              -105.02469582152416,
              39.79423198929143
            ],
            [
              -105.0240052785097,
              39.7941345373935
            ],
            [
              -105.02334700175439,
              39.794021159971706
            ],
            [
              -105.02271617012448,
              39.793889016920424
            ],
            [
              -105.02210796248613,
              39.793735268134014
            ],
            [
              -105.02151755770562,
              39.79355707350683
            ],
            [
              -105.02094013464917,
              39.793351592933234
            ],
            [
              -105.02037087218301,
              39.79311598630761
            ],
            [
              -105.01980494917332,
              39.792847413524285
            ],
            [
              -105.0192375444864,
              39.792543034477646
            ],
            [
              -105.01866383698844,
              39.792200009062036
            ],
            [
              -105.01795858295482,
              39.791706485442454
            ],
            [
              -105.01726607535045,
              39.79113041580791
            ],
            [
              -105.0165840664489,
              39.79048636564955
            ],
            [
              -105.01591030852367,
              39.78978890045853
            ],
            [
              -105.01524255384822,
              39.78905258572601
            ],
            [
              -105.01457855469616,
              39.78829198694315
            ],
            [
              -105.01391606334093,
              39.7875216696011
            ],
            [
              -105.01325283205611,
              39.78675619919103
            ],
            [
              -105.01258661311515,
              39.786010141204066
            ],
            [
              -105.01191515879164,
              39.7852980611314
            ],
            [
              -105.011240346554,
              39.784607825524866
            ],
            [
              -105.01056554362907,
              39.78391758168432
            ],
            [
              -105.0098907500167,
              39.783227329610796
            ],
            [
              -105.00921596571683,
              39.78253706930529
            ],
            [
              -105.00854119072926,
              39.78184680076882
            ],
            [
              -105.00786642505392,
              39.78115652400239
            ],
            [
              -105.00719166869067,
              39.780466239007005
            ],
            [
              -105.00651692163936,
              39.779775945783676
            ],
            [
              -105.00584218389987,
              39.77908564433342
            ],
            [
              -105.00516745547212,
              39.77839533465723
            ],
            [
              -105.00450847956402,
              39.777690936544104
            ],
            [
              -105.00387399561095,
              39.77696462070516
            ],
            [
              -105.0032535110515,
              39.7762257769251
            ],
            [
              -105.00263653332439,
              39.77548379498865
            ],
            [
              -105.00201256986827,
              39.774748064680495
            ],
            [
              -105.00137112812179,
              39.77402797578532
            ],
            [
              -105.00070171552363,
              39.77333291808786
            ],
            [
              -104.99999383951251,
              39.772672281372806
            ],
            [
              -104.99923700752703,
              39.77205545542484
            ],
            [
              -104.99842072700584,
              39.77149183002867
            ],
            [
              -104.9974012150961,
              39.77089523455418
            ],
            [
              -104.99630290417092,
              39.770333395939204
            ],
            [
              -104.99513980732486,
              39.769809099785746
            ],
            [
              -104.99392593765253,
              39.76932513169582
            ],
            [
              -104.99267530824847,
              39.76888427727145
            ],
            [
              -104.99140193220725,
              39.76848932211463
            ],
            [
              -104.99011982262347,
              39.7681430518274
            ],
            [
              -104.98884299259171,
              39.76784825201176
            ],
            [
              -104.98758545520651,
              39.76760770826974
            ],
            [
              -104.9863612235625,
              39.76742420620334
            ],
            [
              -104.98522468831447,
              39.76732149389975
            ],
            [
              -104.98408907763235,
              39.76729556036352
            ],
            [
              -104.98295422829419,
              39.7673328544234
            ],
            [
              -104.98181997707817,
              39.76741982490809
            ],
            [
              -104.98068616076239,
              39.767542920646335
            ],
            [
              -104.97955261612492,
              39.767688590466854
            ],
            [
              -104.97841917994391,
              39.76784328319836
            ],
            [
              -104.97728568899745,
              39.767993447669596
            ],
            [
              -104.9761519800637,
              39.76812553270928
            ],
            [
              -104.97501788992078,
              39.76822598714614
            ],
            [
              -104.97386665112934,
              39.768324230077866
            ],
            [
              -104.97268911100757,
              39.76845065898771
            ],
            [
              -104.97149654140065,
              39.76859318936946
            ],
            [
              -104.97030021415385,
              39.76873973671685
            ],
            [
              -104.96911140111241,
              39.76887821652365
            ],
            [
              -104.96794137412158,
              39.768996544283596
            ],
            [
              -104.96680140502667,
              39.76908263549048
            ],
            [
              -104.96570276567286,
              39.76912440563803
            ],
            [
              -104.96465672790544,
              39.76910977022
            ],
            [
              -104.96367456356963,
              39.769026644730154
            ],
            [
              -104.96299584748738,
              39.76891756060368
            ],
            [
              -104.96236735121195,
              39.768775041253924
            ],
            [
              -104.9617765623137,
              39.7686037533242
            ],
            [
              -104.96121096836299,
              39.76840836345787
            ],
            [
              -104.96065805693023,
              39.768193538298284
            ],
            [
              -104.9601053155857,
              39.76796394448874
            ],
            [
              -104.95954023189978,
              39.767724248672636
            ],
            [
              -104.95895029344288,
              39.76747911749327
            ],
            [
              -104.95832298778531,
              39.767233217594
            ],
            [
              -104.95764580249745,
              39.76699121561816
            ],
            [
              -104.95660250886067,
              39.76659550148213
            ],
            [
              -104.9554808620765,
              39.76610578220972
            ],
            [
              -104.95429671366693,
              39.76555635374745
            ],
            [
              -104.95306591515407,
              39.76498151204187
            ],
            [
              -104.95180431805997,
              39.76441555303954
            ],
            [
              -104.9505277739066,
              39.76389277268701
            ],
            [
              -104.94925213421611,
              39.76344746693082
            ],
            [
              -104.94799325051054,
              39.763113931717534
            ],
            [
              -104.94676697431188,
              39.762926462993676
            ],
            [
              -104.94558915714225,
              39.76291935670584
            ],
            [
              -104.94446582097333,
              39.76311029896003
            ],
            [
              -104.94333541853047,
              39.76347633587152
            ],
            [
              -104.94220563245727,
              39.76398313415354
            ],
            [
              -104.9410841453974,
              39.764596360519306
            ],
            [
              -104.9399786399945,
              39.76528168168202
            ],
            [
              -104.93889679889215,
              39.7660047643549
            ],
            [
              -104.93784630473397,
              39.76673127525119
            ],
            [
              -104.93683484016368,
              39.76742688108406
            ],
            [
              -104.93587008782484,
              39.76805724856677
            ],
            [
              -104.9349597303611,
              39.7685880444125
            ],
            [
              -104.93434811191393,
              39.76889674130011
            ],
            [
              -104.93375775638985,
              39.769166971153346
            ],
            [
              -104.93318736595322,
              39.769411049642564
            ],
            [
              -104.93263564276842,
              39.76964129243815
            ],
            [
              -104.93210128899977,
              39.76987001521047
            ],
            [
              -104.93158300681162,
              39.770109533629906
            ],
            [
              -104.93107949836838,
              39.77037216336684
            ],
            [
              -104.93058946583436,
              39.770670220091624
            ],
            [
              -104.9301116113739,
              39.771016019474644
            ],
            [
              -104.92964463715147,
              39.7714218771863
            ],
            [
              -104.92907166807747,
              39.772009098699726
            ],
            [
              -104.92848916522883,
              39.77268472320951
            ],
            [
              -104.92791009539019,
              39.77343086331805
            ],
            [
              -104.92734742534634,
              39.774229631627804
            ],
            [
              -104.92681412188188,
              39.77506314074117
            ],
            [
              -104.92632315178159,
              39.77591350326062
            ],
            [
              -104.9258874818301,
              39.77676283178855
            ],
            [
              -104.92552007881213,
              39.77759323892743
            ],
            [
              -104.92523390951236,
              39.778386837279655
            ],
            [
              -104.92504194071553,
              39.77912573944767
            ],
            [
              -104.92499475056226,
              39.779651407496175
            ],
            [
              -104.92504386008522,
              39.7801803426135
            ],
            [
              -104.92516302873902,
              39.78070809852108
            ],
            [
              -104.9253260159783,
              39.78123022894032
            ],
            [
              -104.92550658125774,
              39.781742287592664
            ],
            [
              -104.92567848403193,
              39.782239828199536
            ],
            [
              -104.92581548375553,
              39.78271840448235
            ],
            [
              -104.92589133988321,
              39.78317357016254
            ],
            [
              -104.92587981186954,
              39.78360087896152
            ],
            [
              -104.92575465916917,
              39.78399588460073
            ],
            [
              -104.9254851981926,
              39.78440923766422
            ],
            [
              -104.92511051659021,
              39.78481021121219
            ],
            [
              -104.92464822653743,
              39.785192609128885
            ],
            [
              -104.92411594020965,
              39.785550235298516
            ],
            [
              -104.92353126978222,
              39.78587689360532
            ],
            [
              -104.92291182743065,
              39.78616638793354
            ],
            [
              -104.92227522533025,
              39.7864125221674
            ],
            [
              -104.9216390756565,
              39.78660910019114
            ],
            [
              -104.92102099058475,
              39.786749925888984
            ],
            [
              -104.92043858229044,
              39.78682880314516
            ],
            [
              -104.91985666613611,
              39.78684266063326
            ],
            [
              -104.91926153374317,
              39.78679363939435
            ],
            [
              -104.91865639612388,
              39.78668718636906
            ],
            [
              -104.91804446429059,
              39.78652874849805
            ],
            [
              -104.91742894925561,
              39.786323772722014
            ],
            [
              -104.91681306203128,
              39.7860777059816
            ],
            [
              -104.91620001362992,
              39.78579599521748
            ],
            [
              -104.91559301506379,
              39.78548408737031
            ],
            [
              -104.91499527734528,
              39.78514742938075
            ],
            [
              -104.91441001148671,
              39.78479146818948
            ],
            [
              -104.91370540639005,
              39.7842973190579
            ],
            [
              -104.91301363360347,
              39.783720635989404
            ],
            [
              -104.9123324302468,
              39.78307598234732
            ],
            [
              -104.91165953343989,
              39.78237792149493
            ],
            [
              -104.91099268030254,
              39.78164101679552
            ],
            [
              -104.91032960795457,
              39.78087983161241
            ],
            [
              -104.90966805351579,
              39.78010892930888
            ],
            [
              -104.90900575410606,
              39.77934287324825
            ],
            [
              -104.90834044684514,
              39.778596226793795
            ],
            [
              -104.90766986885293,
              39.77788355330883
            ],
            [
              -104.90696576159058,
              39.77719225311974
            ],
            [
              -104.90621476569251,
              39.776500216620995
            ],
            [
              -104.90543698028358,
              39.775807755854686
            ],
            [
              -104.90465250448867,
              39.775115182862905
            ],
            [
              -104.9038814374326,
              39.77442280968774
            ],
            [
              -104.9031438782403,
              39.773730948371316
            ],
            [
              -104.90245992603658,
              39.773039910955696
            ],
            [
              -104.90184967994642,
              39.772350009482984
            ],
            [
              -104.90133323909455,
              39.77166155599527
            ],
            [
              -104.90093070260592,
              39.77097486253467
            ],
            [
              -104.90072224667873,
              39.770493172497154
            ],
            [
              -104.90057359727562,
              39.77002407822956
            ],
            [
              -104.90047376977034,
              39.76956240711124
            ],
            [
              -104.90041177953664,
              39.76910298652146
            ],
            [
              -104.90037664194824,
              39.76864064383955
            ],
            [
              -104.90035737237886,
              39.7681702064448
            ],
            [
              -104.90034298620225,
              39.767686501716504
            ],
            [
              -104.90032249879214,
              39.76718435703399
            ],
            [
              -104.90028492552223,
              39.766658599776555
            ],
            [
              -104.9002192817663,
              39.7661040573235
            ],
            [
              -104.90012112075638,
              39.76525274182059
            ],
            [
              -104.90005252624155,
              39.76432515504986
            ],
            [
              -104.89999873556715,
              39.76333965598562
            ],
            [
              -104.8999449860786,
              39.76231460360212
            ],
            [
              -104.89987651512126,
              39.76126835687366
            ],
            [
              -104.89977856004049,
              39.76021927477451
            ],
            [
              -104.89963635818175,
              39.75918571627893
            ],
            [
              -104.89943514689034,
              39.75818604036121
            ],
            [
              -104.89916016351165,
              39.757238605995624
            ],
            [
              -104.89879664539112,
              39.75636177215646
            ],
            [
              -104.89833766446316,
              39.7555605114127
            ],
            [
              -104.89778854361033,
              39.75480552066402
            ],
            [
              -104.89716519152273,
              39.75408863317027
            ],
            [
              -104.8964835168904,
              39.753401682191246
            ],
            [
              -104.89575942840341,
              39.75273650098676
            ],
            [
              -104.89500883475182,
              39.75208492281662
            ],
            [
              -104.89424764462566,
              39.751438780940646
            ],
            [
              -104.89349176671507,
              39.750789908618664
            ],
            [
              -104.89275710971002,
              39.750130139110475
            ],
            [
              -104.89205958230066,
              39.74945130567588
            ],
            [
              -104.89138593166659,
              39.74876021846588
            ],
            [
              -104.89071229035157,
              39.748069123054364
            ],
            [
              -104.89003865835542,
              39.74737801944229
            ],
            [
              -104.88936503567801,
              39.74668690763069
            ],
            [
              -104.88869142231927,
              39.745995787620586
            ],
            [
              -104.888017818279,
              39.745304659413
            ],
            [
              -104.8873442235571,
              39.74461352300893
            ],
            [
              -104.88667063815343,
              39.74392237840938
            ],
            [
              -104.88599706206787,
              39.743231225615375
            ],
            [
              -104.88532349530027,
              39.74254006462791
            ],
            [
              -104.88461980635041,
              39.74184842065295
            ],
            [
              -104.8838692486139,
              39.74115602285297
            ],
            [
              -104.88309191270706,
              39.7404631907834
            ],
            [
              -104.88230788924625,
              39.73977024399965
            ],
            [
              -104.88153726884786,
              39.73907750205715
            ],
            [
              -104.88080014212821,
              39.73838528451132
            ],
            [
              -104.88011659970361,
              39.73769391091756
            ],
            [
              -104.8795067321905,
              39.73700370083131
            ],
            [
              -104.87899063020521,
              39.736314973807985
            ],
            [
              -104.87858838436402,
              39.735628049403005
            ],
            [
              -104.87836319751489,
              39.73514181347377
            ],
            [
              -104.87817156247137,
              39.73466146602314
            ],
            [
              -104.8780137454668,
              39.7341847145412
            ],
            [
              -104.87789001273453,
              39.73370926651799
            ],
            [
              -104.87780063050786,
              39.73323282944358
            ],
            [
              -104.87774586502016,
              39.732753110808034
            ],
            [
              -104.87772598250474,
              39.732267818101434
            ],
            [
              -104.87774124919494,
              39.73177465881383
            ],
            [
              -104.87779193132408,
              39.731271340435285
            ],
            [
              -104.87787829512553,
              39.730755570455884
            ],
            [
              -104.87810602049095,
              39.73004449020955
            ],
            [
              -104.8784831465384,
              39.72932233150768
            ],
            [
              -104.87897303549623,
              39.72858829347955
            ],
            [
              -104.87953904959267,
              39.72784157525446
            ],
            [
              -104.88014455105596,
              39.72708137596169
            ],
            [
              -104.88075290211441,
              39.72630689473052
            ],
            [
              -104.88132746499628,
              39.725517330690245
            ],
            [
              -104.88183160192985,
              39.72471188297014
            ],
            [
              -104.88222867514335,
              39.723889750699506
            ],
            [
              -104.88248204686505,
              39.72305013300761
            ],
            [
              -104.8826373908433,
              39.72211897372362
            ],
            [
              -104.88274430327093,
              39.721118348891316
            ],
            [
              -104.88279616469485,
              39.72007068542765
            ],
            [
              -104.88278635566196,
              39.71899841024953
            ],
            [
              -104.88270825671918,
              39.717923950273914
            ],
            [
              -104.8825552484134,
              39.71686973241772
            ],
            [
              -104.88232071129148,
              39.715858183597874
            ],
            [
              -104.8819980259004,
              39.71491173073134
            ],
            [
              -104.88158057278702,
              39.71405280073501
            ],
            [
              -104.88106173249822,
              39.71330382052585
            ],
            [
              -104.88028799691764,
              39.712588063000105
            ],
            [
              -104.87929666032207,
              39.711988998836944
            ],
            [
              -104.87813341831215,
              39.711488504879696
            ],
            [
              -104.87684396648851,
              39.71106845797162
            ],
            [
              -104.87547400045173,
              39.71071073495601
            ],
            [
              -104.87406921580246,
              39.710397212676185
            ],
            [
              -104.87267530814132,
              39.710109767975425
            ],
            [
              -104.87133797306895,
              39.70983027769702
            ],
            [
              -104.87010290618592,
              39.70954061868428
            ],
            [
              -104.8690158030929,
              39.70922266778048
            ],
            [
              -104.86830486616454,
              39.709006960690004
            ],
            [
              -104.8675902206431,
              39.70882918942097
            ],
            [
              -104.86688231429343,
              39.708676094673166
            ],
            [
              -104.86619159488043,
              39.70853441714638
            ],
            [
              -104.86552851016894,
              39.7083908975404
            ],
            [
              -104.8649035079238,
              39.708232276554995
            ],
            [
              -104.86432703590985,
              39.70804529488994
            ],
            [
              -104.86380954189195,
              39.70781669324505
            ],
            [
              -104.86336147363507,
              39.707533212320094
            ],
            [
              -104.86299327890386,
              39.707181592814834
            ],
            [
              -104.86272471910422,
              39.7068010192989
            ],
            [
              -104.86249256562922,
              39.70635609480508
            ],
            [
              -104.86229963663912,
              39.70586205026943
            ],
            [
              -104.86214875029414,
              39.70533411662791
            ],
            [
              -104.8620427247546,
              39.70478752481654
            ],
            [
              -104.86198437818075,
              39.70423750577134
            ],
            [
              -104.86197652873284,
              39.70369929042828
            ],
            [
              -104.86202199457121,
              39.7031881097234
            ],
            [
              -104.86212359385604,
              39.702719194592675
            ],
            [
              -104.86228414474765,
              39.702307775972116
            ],
            [
              -104.86254791242946,
              39.70192016496952
            ],
            [
              -104.86290776937881,
              39.70158499531815
            ],
            [
              -104.86334997518475,
              39.70129129617765
            ],
            [
              -104.86386078943627,
              39.70102809670763
            ],
            [
              -104.86442647172248,
              39.70078442606777
            ],
            [
              -104.86503328163239,
              39.700549313417675
            ],
            [
              -104.86566747875503,
              39.700311787917016
            ],
            [
              -104.86631532267941,
              39.700060878725395
            ],
            [
              -104.86696307299462,
              39.69978561500247
            ],
            [
              -104.86759698928968,
              39.69947502590789
            ],
            [
              -104.86852825586136,
              39.69897841312869
            ],
            [
              -104.86954701836137,
              39.69843512496227
            ],
            [
              -104.87063140138383,
              39.69785682806546
            ],
            [
              -104.87175952952293,
              39.69725518909508
            ],
            [
              -104.8729095273729,
              39.696641874707936
            ],
            [
              -104.87405951952783,
              39.69602855156087
            ],
            [
              -104.8751876305819,
              39.69542688631068
            ],
            [
              -104.87627198512934,
              39.69484854561419
            ],
            [
              -104.87729070776426,
              39.69430519612823
            ],
            [
              -104.87822192308083,
              39.69380850450959
            ],
            [
              -104.87883322726076,
              39.693499867863906
            ],
            [
              -104.87942326751832,
              39.693229680096536
            ],
            [
              -104.8799933432186,
              39.69298562783842
            ],
            [
              -104.8805447537267,
              39.69275539772047
            ],
            [
              -104.88107879840763,
              39.692526676373625
            ],
            [
              -104.88159677662651,
              39.692287150428825
            ],
            [
              -104.88209998774843,
              39.69202450651701
            ],
            [
              -104.88258973113847,
              39.69172643126911
            ],
            [
              -104.88306730616159,
              39.69138061131604
            ],
            [
              -104.88353401218308,
              39.690974733288755
            ],
            [
              -104.88410686680861,
              39.69038721600296
            ],
            [
              -104.8846892020858,
              39.68971121591183
            ],
            [
              -104.88526807137175,
              39.68896463440115
            ],
            [
              -104.8858305280236,
              39.6881653728567
            ],
            [
              -104.88636362539853,
              39.68733133266427
            ],
            [
              -104.88685441685361,
              39.68648041520962
            ],
            [
              -104.88728995574594,
              39.68563052187854
            ],
            [
              -104.8876572954327,
              39.68479955405681
            ],
            [
              -104.88794348927102,
              39.68400541313021
            ],
            [
              -104.88813559061798,
              39.6832660004845
            ],
            [
              -104.88818297048341,
              39.68273984109127
            ],
            [
              -104.88813408894961,
              39.68221040569756
            ],
            [
              -104.88801517746555,
              39.68168214570905
            ],
            [
              -104.88785246748023,
              39.68115951253142
            ],
            [
              -104.88767219044263,
              39.680646957570374
            ],
            [
              -104.88750057780172,
              39.68014893223156
            ],
            [
              -104.88736386100649,
              39.67966988792069
            ],
            [
              -104.88728827150591,
              39.67921427604342
            ],
            [
              -104.88730004074898,
              39.678786548005455
            ],
            [
              -104.88742540018471,
              39.678391155212466
            ],
            [
              -104.88772605454946,
              39.678011126327675
            ],
            [
              -104.88818034711402,
              39.67769547253445
            ],
            [
              -104.88874986825837,
              39.67742809988416
            ],
            [
              -104.88939620836271,
              39.6771929144282
            ],
            [
              -104.89008095780706,
              39.676973822217924
            ],
            [
              -104.89076570697154,
              39.67675472930475
            ],
            [
              -104.89141204623621,
              39.67651954174004
            ],
            [
              -104.89198156598118,
              39.676252165575185
            ],
            [
              -104.89243585658652,
              39.67593650686155
            ],
            [
              -104.89273650843234,
              39.67555647165055
            ],
            [
              -104.89289698310131,
              39.67514488308738
            ],
            [
              -104.89299848338455,
              39.67467579665325
            ],
            [
              -104.89304383211629,
              39.67416444655451
            ],
            [
              -104.89303585213061,
              39.673626066997414
            ],
            [
              -104.89297736626166,
              39.67307589218827
            ],
            [
              -104.89287119734355,
              39.67252915633338
            ],
            [
              -104.89272016821046,
              39.672001093639054
            ],
            [
              -104.89252710169646,
              39.67150693831155
            ],
            [
              -104.89229482063573,
              39.671061924557186
            ],
            [
              -104.89202614786237,
              39.67068128658226
            ],
            [
              -104.89164641102623,
              39.67034098089729
            ],
            [
              -104.89116889233406,
              39.67008632777786
            ],
            [
              -104.89061173035353,
              39.669896562205935
            ],
            [
              -104.88999306365234,
              39.66975091916345
            ],
            [
              -104.88933103079817,
              39.669628633632335
            ],
            [
              -104.88864377035873,
              39.66950894059455
            ],
            [
              -104.88794942090163,
              39.669371075032004
            ],
            [
              -104.88726612099462,
              39.66919427192667
            ],
            [
              -104.8866120092054,
              39.66895776626046
            ],
            [
              -104.88600522410161,
              39.668640793015335
            ],
            [
              -104.88527131625077,
              39.6681454971157
            ],
            [
              -104.88450347340165,
              39.66756682248678
            ],
            [
              -104.8837194942522,
              39.66691967372449
            ],
            [
              -104.88293717750025,
              39.66621895542463
            ],
            [
              -104.88217432184373,
              39.66547957218309
            ],
            [
              -104.88144872598046,
              39.66471642859572
            ],
            [
              -104.88077818860836,
              39.663944429258365
            ],
            [
              -104.8801805084253,
              39.6631784787669
            ],
            [
              -104.87967348412919,
              39.66243348171718
            ],
            [
              -104.87927491441783,
              39.661724342705064
            ],
            [
              -104.87906666457725,
              39.66124205321045
            ],
            [
              -104.87891820521571,
              39.66077241479466
            ],
            [
              -104.87881855563315,
              39.660310242024565
            ],
            [
              -104.87875673512964,
              39.65985034946711
            ],
            [
              -104.87872176300515,
              39.659387551689235
            ],
            [
              -104.87870265855969,
              39.65891666325784
            ],
            [
              -104.87868844109326,
              39.658432498739856
            ],
            [
              -104.87866812990585,
              39.65792987270222
            ],
            [
              -104.87863074429747,
              39.657403599711834
            ],
            [
              -104.87856530356817,
              39.656848494335634
            ],
            [
              -104.87844092228795,
              39.655993746296616
            ],
            [
              -104.87830485670386,
              39.655058679249215
            ],
            [
              -104.87816002839386,
              39.65406337209485
            ],
            [
              -104.87800935893597,
              39.653027903734944
            ],
            [
              -104.87785576990811,
              39.65197235307089
            ],
            [
              -104.87770218288829,
              39.6509167990041
            ],
            [
              -104.87755151945451,
              39.649881320435995
            ],
            [
              -104.87740670118473,
              39.64888599626797
            ],
            [
              -104.87727064965691,
              39.647950905401444
            ],
            [
              -104.87714628644905,
              39.647096126737814
            ],
            [
              -104.87704971306978,
              39.64654391507836
            ],
            [
              -104.8769327529958,
              39.64602513148912
            ],
            [
              -104.87680518730016,
              39.64553262042276
            ],
            [
              -104.87667679705592,
              39.645059226331966
            ],
            [
              -104.87655736333613,
              39.64459779366943
            ],
            [
              -104.8764566672138,
              39.64414116688783
            ],
            [
              -104.87638448976203,
              39.64368219043985
            ],
            [
              -104.87635061205386,
              39.643213708778156
            ],
            [
              -104.87636481516226,
              39.64272856635546
            ],
            [
              -104.87643688016036,
              39.642219607624426
            ],
            [
              -104.87663827744692,
              39.641500944132474
            ],
            [
              -104.87694822550229,
              39.64076022862825
            ],
            [
              -104.87734756698816,
              39.64000135150216
            ],
            [
              -104.87781714456628,
              39.6392282031446
            ],
            [
              -104.87833780089835,
              39.63844467394598
            ],
            [
              -104.87889037864602,
              39.6376546542967
            ],
            [
              -104.87945572047101,
              39.63686203458716
            ],
            [
              -104.88001466903509,
              39.63607070520776
            ],
            [
              -104.88054806699989,
              39.6352845565489
            ],
            [
              -104.88103675702716,
              39.63450747900099
            ],
            [
              -104.88149671238449,
              39.63373621578136
            ],
            [
              -104.88195666025895,
              39.63296494609278
            ],
            [
              -104.88241660065096,
              39.6321936699361
            ],
            [
              -104.88287653356097,
              39.63142238731221
            ],
            [
              -104.8833364589895,
              39.63065109822202
            ],
            [
              -104.88379637693703,
              39.629879802666395
            ],
            [
              -104.88425628740401,
              39.62910850064621
            ],
            [
              -104.88471619039093,
              39.62833719216239
            ],
            [
              -104.88517608589825,
              39.627565877215766
            ],
            [
              -104.88563597392644,
              39.626794555807265
            ],
            [
              -104.88608652973099,
              39.62600218469922
            ],
            [
              -104.88652255918514,
              39.62517709620196
            ],
            [
              -104.8869502846617,
              39.624333309283344
            ],
            [
              -104.88737592853349,
              39.62348484291124
            ],
            [
              -104.8878057131733,
              39.622645716053505
            ],
            [
              -104.88824586095393,
              39.621829947678
            ],
            [
              -104.88870259424816,
              39.62105155675259
            ],
            [
              -104.88918213542891,
              39.62032456224514
            ],
            [
              -104.88969070686889,
              39.61966298312351
            ],
            [
              -104.89023453094092,
              39.61908083835558
            ],
            [
              -104.89070661839803,
              39.61864895169244
            ],
            [
              -104.89119853873947,
              39.6182369965009
            ],
            [
              -104.89170774720854,
              39.61784985039872
            ],
            [
              -104.89223169904838,
              39.617492391003694
            ],
            [
              -104.89276784950235,
              39.61716949593364
            ],
            [
              -104.89331365381362,
              39.61688604280633
            ],
            [
              -104.89386656722549,
              39.61664690923958
            ],
            [
              -104.89442404498118,
              39.61645697285116
            ],
            [
              -104.89498354232394,
              39.61632111125889
            ],
            [
              -104.895542514497,
              39.61624420208055
            ],
            [
              -104.89614611986134,
              39.616228114027976
            ],
            [
              -104.8967982347856,
              39.61627138171244
            ],
            [
              -104.89748051877464,
              39.61637009400108
            ],
            [
              -104.89817463133339,
              39.61652033976106
            ],
            [
              -104.89886223196667,
              39.616718207859506
            ],
            [
              -104.89952498017935,
              39.61695978716357
            ],
            [
              -104.90014453547627,
              39.617241166540396
            ],
            [
              -104.90070255736242,
              39.61755843485712
            ],
            [
              -104.90118070534257,
              39.6179076809809
            ],
            [
              -104.9015606389216,
              39.61828499377886
            ],
            [
              -104.90179040360647,
              39.61865566462235
            ],
            [
              -104.90192317465394,
              39.61907499167331
            ],
            [
              -104.90198209812853,
              39.61953448581879
            ],
            [
              -104.90199032009468,
              39.62002565794586
            ],
            [
              -104.90197098661696,
              39.62054001894156
            ],
            [
              -104.90194724375979,
              39.62106907969298
            ],
            [
              -104.90194223758775,
              39.621604351087164
            ],
            [
              -104.90197911416531,
              39.62213734401118
            ],
            [
              -104.90208101955699,
              39.622659569352095
            ],
            [
              -104.90227109982723,
              39.623162537996954
            ],
            [
              -104.90266969762142,
              39.623871802662215
            ],
            [
              -104.90317670745353,
              39.624616936608405
            ],
            [
              -104.90377433798363,
              39.6253830298449
            ],
            [
              -104.90444479787186,
              39.62615517238105
            ],
            [
              -104.90517029577828,
              39.626918454226214
            ],
            [
              -104.90593304036295,
              39.62765796538977
            ],
            [
              -104.90671524028592,
              39.62835879588107
            ],
            [
              -104.9074991042074,
              39.62900603570948
            ],
            [
              -104.90826684078735,
              39.62958477488435
            ],
            [
              -104.90900065868591,
              39.630080103415054
            ],
            [
              -104.90958458126234,
              39.6303993677858
            ],
            [
              -104.91018049937917,
              39.63064179302874
            ],
            [
              -104.91078541551187,
              39.6308265877248
            ],
            [
              -104.91139633213592,
              39.6309729604549
            ],
            [
              -104.91201025172674,
              39.63110011979997
            ],
            [
              -104.91262417675989,
              39.63122727434093
            ],
            [
              -104.9132351097108,
              39.631373632658715
            ],
            [
              -104.9138400530549,
              39.63155840333424
            ],
            [
              -104.91443600926775,
              39.63180079494843
            ],
            [
              -104.91501998082475,
              39.63212001608221
            ],
            [
              -104.91570802853816,
              39.632628885869735
            ],
            [
              -104.9163586830708,
              39.63324231131032
            ],
            [
              -104.91698472231585,
              39.63393631450757
            ],
            [
              -104.91759892416655,
              39.63468691756515
            ],
            [
              -104.91821406651619,
              39.6354701425867
            ],
            [
              -104.91884292725791,
              39.63626201167585
            ],
            [
              -104.919498284285,
              39.63703854693625
            ],
            [
              -104.9201929154907,
              39.637775770471556
            ],
            [
              -104.92093959876823,
              39.63844970438539
            ],
            [
              -104.92175111201082,
              39.63903637078139
            ],
            [
              -104.9227869803789,
              39.639617544496076
            ],
            [
              -104.92393017410855,
              39.64013838827714
            ],
            [
              -104.92515446314525,
              39.64060707761998
            ],
            [
              -104.9264336174345,
              39.64103178802009
            ],
            [
              -104.92774140692175,
              39.641420694972894
            ],
            [
              -104.92905160155254,
              39.641781973973856
            ],
            [
              -104.9303379712723,
              39.64212380051839
            ],
            [
              -104.93157428602657,
              39.64245435010197
            ],
            [
              -104.93273431576077,
              39.64278179822004
            ],
            [
              -104.93379183042043,
              39.64311432036803
            ],
            [
              -104.93447981104022,
              39.643332118688576
            ],
            [
              -104.93513616218121,
              39.643515607280406
            ],
            [
              -104.93576558649023,
              39.64367648973693
            ],
            [
              -104.93637278661419,
              39.64382646965158
            ],
            [
              -104.93696246519988,
              39.64397725061775
            ],
            [
              -104.9375393248942,
              39.644140536228875
            ],
            [
              -104.93810806834395,
              39.644328030078334
            ],
            [
              -104.938673398196,
              39.64455143575957
            ],
            [
              -104.93924001709722,
              39.64482245686598
            ],
            [
              -104.93981262769441,
              39.645152796991
            ],
            [
              -104.94050089559164,
              39.645661472841596
            ],
            [
              -104.94115180107241,
              39.64627470207801
            ],
            [
              -104.94177811522034,
              39.64696850637958
            ],
            [
              -104.9423926091192,
              39.64771890742562
            ],
            [
              -104.94300805385257,
              39.64850192689547
            ],
            [
              -104.9436372205041,
              39.649293586468445
            ],
            [
              -104.94429288015749,
              39.650069907823884
            ],
            [
              -104.94498780389637,
              39.650806912641116
            ],
            [
              -104.94573476280443,
              39.65148062259945
            ],
            [
              -104.94654652796528,
              39.652067059378226
            ],
            [
              -104.94758271833365,
              39.65264798327141
            ],
            [
              -104.94872623165642,
              39.653168552690246
            ],
            [
              -104.94995083651732,
              39.6536369492003
            ],
            [
              -104.95123030150003,
              39.65406135436715
            ],
            [
              -104.95253839518821,
              39.654449949756355
            ],
            [
              -104.95384888616556,
              39.65481091693346
            ],
            [
              -104.95513554301586,
              39.65515243746406
            ],
            [
              -104.95637213432266,
              39.655482692913694
            ],
            [
              -104.95753242866972,
              39.655809864847924
            ],
            [
              -104.95859019464073,
              39.656142134832336
            ],
            [
              -104.9593010450848,
              39.656357417817354
            ],
            [
              -104.96001557164269,
              39.65653474137811
            ],
            [
              -104.96072334382434,
              39.656687375375775
            ],
            [
              -104.9614139311397,
              39.6568285896715
            ],
            [
              -104.96207690309873,
              39.65697165412645
            ],
            [
              -104.96270182921134,
              39.65712983860179
            ],
            [
              -104.96327827898752,
              39.6573164129587
            ],
            [
              -104.96379582193715,
              39.65754464705831
            ],
            [
              -104.9642440275702,
              39.6578278107618
            ],
            [
              -104.96461246539661,
              39.65817917393034
            ],
            [
              -104.96485674146045,
              39.65854231490958
            ],
            [
              -104.96502626526815,
              39.65894281006134
            ],
            [
              -104.96513466090482,
              39.65937701956621
            ],
            [
              -104.96519555245567,
              39.65984130360478
            ],
            [
              -104.96522256400584,
              39.66033202235764
            ],
            [
              -104.96522931964043,
              39.66084553600537
            ],
            [
              -104.9652294434447,
              39.661378204728564
            ],
            [
              -104.96523655950375,
              39.66192638870781
            ],
            [
              -104.96526429190276,
              39.66248644812371
            ],
            [
              -104.96532626472685,
              39.66305474315683
            ],
            [
              -104.96540958398704,
              39.66393985824318
            ],
            [
              -104.96543961983681,
              39.664952718970554
            ],
            [
              -104.9654413086537,
              39.6660529150228
            ],
            [
              -104.96543958681517,
              39.667200036083784
            ],
            [
              -104.96545939069867,
              39.66835367183735
            ],
            [
              -104.96552565668176,
              39.669473411967374
            ],
            [
              -104.96566332114185,
              39.67051884615771
            ],
            [
              -104.96589732045648,
              39.6714495640922
            ],
            [
              -104.96625259100306,
              39.672225155454726
            ],
            [
              -104.96675406915911,
              39.67280520992913
            ],
            [
              -104.96750571603306,
              39.67323522162007
            ],
            [
              -104.96847556898737,
              39.67352516582228
            ],
            [
              -104.96961360271727,
              39.67368504624658
            ],
            [
              -104.97086979191799,
              39.67372486660383
            ],
            [
              -104.97219411128484,
              39.67365463060487
            ],
            [
              -104.97353653551292,
              39.67348434196054
            ],
            [
              -104.97484703929759,
              39.67322400438168
            ],
            [
              -104.97607559733397,
              39.67288362157914
            ],
            [
              -104.9771721843174,
              39.672473197263756
            ],
            [
              -104.97808677494302,
              39.672002735146386
            ],
            [
              -104.97874577139706,
              39.67147715892117
            ],
            [
              -104.97930253653206,
              39.67080687228081
            ],
            [
              -104.9797787761469,
              39.67002565265649
            ],
            [
              -104.98019619604048,
              39.66916727747947
            ],
            [
              -104.98057650201171,
              39.668265524180924
            ],
            [
              -104.98094139985949,
              39.66735417019211
            ],
            [
              -104.98131259538272,
              39.66646699294423
            ],
            [
              -104.98171179438029,
              39.6656377698685
            ],
            [
              -104.9821607026511,
              39.66490027839616
            ],
            [
              -104.98268102599407,
              39.66428829595841
            ],
            [
              -104.98315302435606,
              39.66385613511849
            ],
            [
              -104.98364487867116,
              39.6634439173053
            ],
            [
              -104.98415404708342,
              39.66305651353439
            ],
            [
              -104.98467798773686,
              39.662698794821324
            ],
            [
              -104.9852141587756,
              39.662375632181636
            ],
            [
              -104.98576001834371,
              39.6620918966309
            ],
            [
              -104.98631302458521,
              39.66185245918467
            ],
            [
              -104.9868706356442,
              39.66166219085849
            ],
            [
              -104.98743030966472,
              39.661525962667945
            ],
            [
              -104.98798950479085,
              39.66144864562855
            ],
            [
              -104.98857075984886,
              39.66143442477765
            ],
            [
              -104.989165277035,
              39.66148315680403
            ],
            [
              -104.98976984029905,
              39.66158938182129
            ],
            [
              -104.99038123359082,
              39.66174763994298
            ],
            [
              -104.99099624086008,
              39.66195247128271
            ],
            [
              -104.99161164605668,
              39.66219841595408
            ],
            [
              -104.99222423313041,
              39.66248001407067
            ],
            [
              -104.99283078603109,
              39.66279180574607
            ],
            [
              -104.99342808870851,
              39.66312833109386
            ],
            [
              -104.99401292511249,
              39.663484130227644
            ],
            [
              -104.9947173589239,
              39.66397832805355
            ],
            [
              -104.99540897963495,
              39.6645551538021
            ],
            [
              -104.99609005002084,
              39.66520002462974
            ],
            [
              -104.99676283285677,
              39.66589835769287
            ],
            [
              -104.99742959091793,
              39.6666355701479
            ],
            [
              -104.99809258697957,
              39.66739707915128
            ],
            [
              -104.99875408381679,
              39.66816830185938
            ],
            [
              -104.99941634420493,
              39.66893465542866
            ],
            [
              -105.00008163091908,
              39.669681557015494
            ],
            [
              -105.00075220673448,
              39.67039442377633
            ],
            [
              -105.00145631662315,
              39.67108586324137
            ],
            [
              -105.00220729886921,
              39.67177799558635
            ],
            [
              -105.00298506930207,
              39.67247052035226
            ],
            [
              -105.00376954375102,
              39.67316313708008
            ],
            [
              -105.00454063804546,
              39.6738555453108
            ],
            [
              -105.00527826801466,
              39.67454744458543
            ],
            [
              -105.0059623494881,
              39.675238534444944
            ],
            [
              -105.00657279829501,
              39.67592851443034
            ],
            [
              -105.0070895302648,
              39.676617084082615
            ],
            [
              -105.00749246122686,
              39.677303942942736
            ],
            [
              -105.00768310946752,
              39.67780648296025
            ],
            [
              -105.007785608971,
              39.67832836008206
            ],
            [
              -105.007823094949,
              39.678861066099074
            ],
            [
              -105.00781870261325,
              39.67939609280222
            ],
            [
              -105.00779556717552,
              39.67992493198247
            ],
            [
              -105.00777682384748,
              39.68043907543075
            ],
            [
              -105.00778560784084,
              39.68093001493798
            ],
            [
              -105.00784505436741,
              39.68138924229513
            ],
            [
              -105.00797829863885,
              39.68180824929313
            ],
            [
              -105.00820847586688,
              39.6821785277229
            ],
            [
              -105.00859535770213,
              39.68256796488637
            ],
            [
              -105.00909030607284,
              39.68294859681875
            ],
            [
              -105.0096707659815,
              39.68330822371482
            ],
            [
              -105.01031418243062,
              39.683634645769445
            ],
            [
              -105.01099800042265,
              39.683915663177416
            ],
            [
              -105.0116996649601,
              39.68413907613357
            ],
            [
              -105.01239662104545,
              39.684292684832705
            ],
            [
              -105.01306631368118,
              39.68436428946967
            ],
            [
              -105.0136861878698,
              39.684341690239265
            ],
            [
              -105.01423368861376,
              39.684212687336306
            ],
            [
              -105.01480582654789,
              39.68388682500333
            ],
            [
              -105.01533057835665,
              39.68337390510142
            ],
            [
              -105.01581630497563,
              39.68270693664971
            ],
            [
              -105.01627136734054,
              39.681918928667294
            ],
            [
              -105.01670412638707,
              39.68104289017336
            ],
            [
              -105.01712294305081,
              39.68011183018699
            ],
            [
              -105.01753617826745,
              39.679158757727336
            ],
            [
              -105.01795219297271,
              39.67821668181353
            ],
            [
              -105.01837934810221,
              39.677318611464706
            ],
            [
              -105.01882600459162,
              39.67649755569998
            ],
            [
              -105.01928520379586,
              39.67572599221243
            ],
            [
              -105.01974439550871,
              39.67495442226202
            ],
            [
              -105.02020357973065,
              39.67418284584967
            ],
            [
              -105.02066275646219,
              39.673411262976224
            ],
            [
              -105.0211219257038,
              39.6726396736426
            ],
            [
              -105.0215810874559,
              39.67186807784968
            ],
            [
              -105.02204024171904,
              39.67109647559832
            ],
            [
              -105.02249938849367,
              39.670324866889445
            ],
            [
              -105.02295852778026,
              39.66955325172392
            ],
            [
              -105.02341765957931,
              39.66878163010263
            ],
            [
              -105.02386743377495,
              39.66798897396099
            ],
            [
              -105.02430264217283,
              39.66716362403932
            ],
            [
              -105.02472952404813,
              39.6663195891899
            ],
            [
              -105.0251543186761,
              39.665470878264976
            ],
            [
              -105.0255832653319,
              39.664631500116826
            ],
            [
              -105.02602260329076,
              39.6638154635977
            ],
            [
              -105.02647857182782,
              39.66303677755985
            ],
            [
              -105.02695741021836,
              39.66230945085555
            ],
            [
              -105.02746535773755,
              39.661647492337075
            ],
            [
              -105.02800865366058,
              39.66106491085666
            ],
            [
              -105.02848047635318,
              39.66063254081954
            ],
            [
              -105.02897216548274,
              39.66022010691182
            ],
            [
              -105.02948118090515,
              39.659832481388946
            ],
            [
              -105.03000498247631,
              39.65947453650641
            ],
            [
              -105.03054103005212,
              39.65915114451964
            ],
            [
              -105.03108678348838,
              39.6588671776841
            ],
            [
              -105.03163970264102,
              39.658627508255265
            ],
            [
              -105.03219724736596,
              39.658437008488576
            ],
            [
              -105.03275687751898,
              39.65830055063948
            ],
            [
              -105.03331605295607,
              39.658223006963475
            ],
            [
              -105.03392003250079,
              39.658206187617395
            ],
            [
              -105.0345726247305,
              39.65824863988759
            ],
            [
              -105.03525547257351,
              39.65834648233648
            ],
            [
              -105.03595021895805,
              39.65849583352653
            ],
            [
              -105.03663850681237,
              39.65869281202012
            ],
            [
              -105.03730197906472,
              39.65893353637969
            ],
            [
              -105.0379222786433,
              39.65921412516767
            ],
            [
              -105.03848104847638,
              39.65953069694649
            ],
            [
              -105.03895993149222,
              39.65987937027856
            ],
            [
              -105.03934057061909,
              39.660256263726325
            ],
            [
              -105.03960200882521,
              39.660623564510296
            ],
            [
              -105.03981497736093,
              39.66103496392174
            ],
            [
              -105.03998184451497,
              39.661483943875005
            ],
            [
              -105.0401049785759,
              39.661963986284434
            ],
            [
              -105.04018674783242,
              39.66246857306439
            ],
            [
              -105.04022952057318,
              39.6629911861292
            ],
            [
              -105.04023566508683,
              39.66352530739324
            ],
            [
              -105.040207549662,
              39.66406441877085
            ],
            [
              -105.04014754258738,
              39.66460200217638
            ],
            [
              -105.04005801215159,
              39.665131539524175
            ],
            [
              -105.03980860884784,
              39.66585503741759
            ],
            [
              -105.0393743857829,
              39.66660797406003
            ],
            [
              -105.03880718107789,
              39.667383326342744
            ],
            [
              -105.0381588328538,
              39.668174071157004
            ],
            [
              -105.03748117923165,
              39.668973185394066
            ],
            [
              -105.03682605833248,
              39.66977364594519
            ],
            [
              -105.0362453082773,
              39.67056842970164
            ],
            [
              -105.03579076718721,
              39.67135051355468
            ],
            [
              -105.03551427318317,
              39.672112874395566
            ],
            [
              -105.03546766438627,
              39.67284848911556
            ],
            [
              -105.0356643019775,
              39.67360622112385
            ],
            [
              -105.03605475929011,
              39.67437904936135
            ],
            [
              -105.03660615984526,
              39.67515573118583
            ],
            [
              -105.03728562716414,
              39.675925023955116
            ],
            [
              -105.03806028476791,
              39.67667568502705
            ],
            [
              -105.03889725617779,
              39.67739647175942
            ],
            [
              -105.03976366491497,
              39.67807614151006
            ],
            [
              -105.04062663450063,
              39.67870345163678
            ],
            [
              -105.04145328845591,
              39.67926715949742
            ],
            [
              -105.04221075030206,
              39.67975602244976
            ]
          ],
          [
            [
              -104.94234272578184,
              39.70161555885752
            ],
            [
              -104.94250299202801,
              39.7012040009456
            ],
            [
              -104.94260424714616,
              39.700734977007045
            ],
            [
              -104.94264932352752,
              39.70022371770225
            ],
            [
              -104.9426410535635,
              39.699685453691664
            ],
            [
              -104.94258226964543,
              39.69913541563573
            ],
            [
              -104.9424758041647,
              39.69858883419488
            ],
            [
              -104.94232448951253,
              39.69806094002954
            ],
            [
              -104.94213115808041,
              39.69756696380016
            ],
            [
              -104.94189864225962,
              39.69712213616718
            ],
            [
              -104.9416297744415,
              39.69674168779102
            ],
            [
              -104.94124943144853,
              39.69636453856238
            ],
            [
              -104.94077078878405,
              39.69601554756155
            ],
            [
              -104.94021220508803,
              39.695698604406175
            ],
            [
              -104.93959203900032,
              39.695417598713895
            ],
            [
              -104.93892864916091,
              39.69517642010233
            ],
            [
              -104.93824039420967,
              39.69497895818913
            ],
            [
              -104.93754563278651,
              39.694829102591925
            ],
            [
              -104.93686272353136,
              39.694730742928336
            ],
            [
              -104.93621002508414,
              39.69468776881601
            ],
            [
              -104.93560589608472,
              39.694704069872564
            ],
            [
              -104.93502396693992,
              39.69478312362594
            ],
            [
              -104.93440643141456,
              39.69492421528997
            ],
            [
              -104.93377087559355,
              39.69512112731322
            ],
            [
              -104.93313488556194,
              39.69536764214431
            ],
            [
              -104.93251604740459,
              39.695657542231814
            ],
            [
              -104.93193194720652,
              39.695984610024354
            ],
            [
              -104.93140017105273,
              39.69634262797051
            ],
            [
              -104.93093830502814,
              39.69672537851889
            ],
            [
              -104.9305639352177,
              39.697126644118086
            ],
            [
              -104.93029464770639,
              39.69754020721669
            ],
            [
              -104.93013434985183,
              39.69795176108469
            ],
            [
              -104.93003304891336,
              39.698420781505874
            ],
            [
              -104.92998791592026,
              39.6989320378983
            ],
            [
              -104.92999612190181,
              39.69947029968003
            ],
            [
              -104.93005483788727,
              39.70002033626911
            ],
            [
              -104.93016123490594,
              39.70056691708363
            ],
            [
              -104.93031248398708,
              39.70109481154162
            ],
            [
              -104.93050575616003,
              39.70158878906118
            ],
            [
              -104.930738222454,
              39.70203361906033
            ],
            [
              -104.93100705389828,
              39.70241407095715
            ],
            [
              -104.9313873862652,
              39.70279123861414
            ],
            [
              -104.93186603678724,
              39.703140247518206
            ],
            [
              -104.93242464345686,
              39.70345720767812
            ],
            [
              -104.93304484426635,
              39.7037382291027
            ],
            [
              -104.93370827720807,
              39.703979421800696
            ],
            [
              -104.93439658027441,
              39.70417689578095
            ],
            [
              -104.93509139145773,
              39.70432676105223
            ],
            [
              -104.93577434875037,
              39.70442512762334
            ],
            [
              -104.9364270901447,
              39.704468105503075
            ],
            [
              -104.9370312536331,
              39.70445180470021
            ],
            [
              -104.93761321129556,
              39.70437274773054
            ],
            [
              -104.93823078088528,
              39.704231649441624
            ],
            [
              -104.93886637372557,
              39.70403472802699
            ],
            [
              -104.93950240113976,
              39.7037882016801
            ],
            [
              -104.94012127445116,
              39.703498288594474
            ],
            [
              -104.94070540498305,
              39.7031712069636
            ],
            [
              -104.94123720405875,
              39.70281317498097
            ],
            [
              -104.94169908300158,
              39.70243041084008
            ],
            [
              -104.94207345313484,
              39.70202913273443
            ],
            [
              -104.94234272578184,
              39.70161555885752
            ]
          ],
          [
            [
              -104.94020407733508,
              39.68699327306457
            ],
            [
              -104.94078578856929,
              39.687016296877985
            ],
            [
              -104.94138126569365,
              39.68715981069926
            ],
            [
              -104.94198706687092,
              39.68739369130859
            ],
            [
              -104.94259975026387,
              39.68768781548623
            ],
            [
              -104.94321587403527,
              39.68801206001237
            ],
            [
              -104.94383199634794,
              39.68833630166725
            ],
            [
              -104.94444467536461,
              39.6886304172311
            ],
            [
              -104.94505046924805,
              39.688864283484115
            ],
            [
              -104.94564593616104,
              39.68900777720655
            ],
            [
              -104.94622763426634,
              39.68903077517858
            ],
            [
              -104.94677824063278,
              39.68891820500772
            ],
            [
              -104.94731580647269,
              39.68869154343558
            ],
            [
              -104.94784359220006,
              39.68837931260826
            ],
            [
              -104.948364858229,
              39.688010034671834
            ],
            [
              -104.94888286497357,
              39.68761223177237
            ],
            [
              -104.94940087284783,
              39.68721442605597
            ],
            [
              -104.94992214226588,
              39.68684513966869
            ],
            [
              -104.95044993364172,
              39.68653289475662
            ],
            [
              -104.9509875073895,
              39.68630621346583
            ],
            [
              -104.95153812392324,
              39.686193617942415
            ],
            [
              -104.95211984350657,
              39.68621658442027
            ],
            [
              -104.95271534189331,
              39.686360042001986
            ],
            [
              -104.95332117401753,
              39.686593867193665
            ],
            [
              -104.95393389481335,
              39.68688793650146
            ],
            [
              -104.95455005921487,
              39.68721212643149
            ],
            [
              -104.95516622215618,
              39.687536313489886
            ],
            [
              -104.95577893857143,
              39.68783037418278
            ],
            [
              -104.95638476339465,
              39.68806418501628
            ],
            [
              -104.95698025155998,
              39.688207622496535
            ],
            [
              -104.95756195800156,
              39.688230563129665
            ],
            [
              -104.95814382629212,
              39.68815138224411
            ],
            [
              -104.95876128500056,
              39.68801013629813
            ],
            [
              -104.95939675054287,
              39.68781305041901
            ],
            [
              -104.96003263933497,
              39.68756634973397
            ],
            [
              -104.96065136779285,
              39.68727625937032
            ],
            [
              -104.96123535233247,
              39.68694900445531
            ],
            [
              -104.9617670093698,
              39.686590810116186
            ],
            [
              -104.96222875532081,
              39.686207901480216
            ],
            [
              -104.96260300660141,
              39.68580650367468
            ],
            [
              -104.96287217962764,
              39.68539284182682
            ],
            [
              -104.96303238139336,
              39.68498117854849
            ],
            [
              -104.96313356025662,
              39.68451205331828
            ],
            [
              -104.96317855102853,
              39.684000698325924
            ],
            [
              -104.96317018852012,
              39.68346234576114
            ],
            [
              -104.9631113075425,
              39.68291222781366
            ],
            [
              -104.96300474290672,
              39.682365576673206
            ],
            [
              -104.96285332942388,
              39.68183762452951
            ],
            [
              -104.96265990190497,
              39.6813436035723
            ],
            [
              -104.96242729516112,
              39.68089874599129
            ],
            [
              -104.96215834400341,
              39.68051828397623
            ],
            [
              -104.9617779649898,
              39.680141182926164
            ],
            [
              -104.9612993078899,
              39.67979224706
            ],
            [
              -104.96074072930074,
              39.67947536594224
            ],
            [
              -104.96012058581937,
              39.67919442913738
            ],
            [
              -104.95945723404287,
              39.6789533262099
            ],
            [
              -104.95876903056819,
              39.678755946724294
            ],
            [
              -104.9580743319924,
              39.678606180245055
            ],
            [
              -104.95739149491261,
              39.678507916336685
            ],
            [
              -104.95673887592577,
              39.67846504456364
            ],
            [
              -104.95613483162893,
              39.67848145449046
            ],
            [
              -104.95558425598875,
              39.67859408201308
            ],
            [
              -104.9550467286214,
              39.67882080433209
            ],
            [
              -104.95451898774087,
              39.67913309704433
            ],
            [
              -104.95399777156129,
              39.679502435746635
            ],
            [
              -104.95347981829676,
              39.67990029603584
            ],
            [
              -104.95296186616126,
              39.68029815350878
            ],
            [
              -104.95244065336888,
              39.68066748376228
            ],
            [
              -104.95191291813364,
              39.680979762393164
            ],
            [
              -104.95137539866967,
              39.68120646499829
            ],
            [
              -104.95082483319098,
              39.68131906717447
            ],
            [
              -104.95022080314304,
              39.6813354410444
            ],
            [
              -104.94956819717905,
              39.681292521458396
            ],
            [
              -104.94888537347609,
              39.68119420075384
            ],
            [
              -104.94819069021115,
              39.68104437126816
            ],
            [
              -104.94750250556122,
              39.68084692533874
            ],
            [
              -104.94683917770337,
              39.680605755303006
            ],
            [
              -104.94621906481453,
              39.68032475349832
            ],
            [
              -104.9456605250718,
              39.68000781226212
            ],
            [
              -104.94518191665212,
              39.679658823931796
            ],
            [
              -104.94480159773256,
              39.67928168084475
            ],
            [
              -104.94457562323365,
              39.67889806213491
            ],
            [
              -104.94445276819478,
              39.67844520069911
            ],
            [
              -104.94440725306427,
              39.67794040675848
            ],
            [
              -104.9444132982905,
              39.67740099053418
            ],
            [
              -104.94444512432187,
              39.67684426224737
            ],
            [
              -104.94447695160675,
              39.67628753211918
            ],
            [
              -104.94448300059345,
              39.67574811037078
            ],
            [
              -104.9444374917304,
              39.675243307223305
            ],
            [
              -104.94431464546597,
              39.67479043289792
            ],
            [
              -104.94408868224846,
              39.67440679761577
            ],
            [
              -104.94368602524557,
              39.6740689890672
            ],
            [
              -104.94315029307585,
              39.67382053295512
            ],
            [
              -104.94251475503725,
              39.67363909093437
            ],
            [
              -104.94181268042772,
              39.673502324659765
            ],
            [
              -104.94107733854517,
              39.67338789578615
            ],
            [
              -104.94034199868764,
              39.67327346596835
            ],
            [
              -104.93963993015304,
              39.67313669686119
            ],
            [
              -104.93900440223928,
              39.6729552501195
            ],
            [
              -104.93846868424443,
              39.67270678739813
            ],
            [
              -104.93806604546633,
              39.67236897035188
            ],
            [
              -104.93779718292274,
              39.6719884302532
            ],
            [
              -104.9375646909466,
              39.67154349296291
            ],
            [
              -104.93737139795107,
              39.67104939230687
            ],
            [
              -104.9372201323494,
              39.67052136211089
            ],
            [
              -104.93711372255476,
              39.66997463620088
            ],
            [
              -104.93705499698036,
              39.66942444840264
            ],
            [
              -104.93704678403938,
              39.66888603254202
            ],
            [
              -104.93709191214504,
              39.668374622444894
            ],
            [
              -104.93719320971051,
              39.667905451937074
            ],
            [
              -104.93735350514903,
              39.667493754844436
            ],
            [
              -104.93765397557047,
              39.667113561662106
            ],
            [
              -104.93810810304213,
              39.66679767230451
            ],
            [
              -104.93867747323205,
              39.66653001063986
            ],
            [
              -104.93932367180845,
              39.6662945005364
            ],
            [
              -104.9400082844394,
              39.666075065862344
            ],
            [
              -104.94069289679305,
              39.66585563048589
            ],
            [
              -104.94133909453757,
              39.6656201182753
            ],
            [
              -104.94190846334106,
              39.66535245309876
            ],
            [
              -104.94236258887167,
              39.665036558824504
            ],
            [
              -104.94266305679751,
              39.66465635932073
            ],
            [
              -104.94282335166531,
              39.66424463927477
            ],
            [
              -104.94292463987014,
              39.66377544088039
            ],
            [
              -104.94296975175511,
              39.663263998897506
            ],
            [
              -104.94296151766329,
              39.66272554808599
            ],
            [
              -104.94290276793777,
              39.66217532320573
            ],
            [
              -104.94279633292153,
              39.66162855901662
            ],
            [
              -104.94264504295776,
              39.66110049027857
            ],
            [
              -104.94245172838939,
              39.66060635175144
            ],
            [
              -104.94221921955958,
              39.66016137819514
            ],
            [
              -104.94195034681137,
              39.65978080436955
            ],
            [
              -104.94154774772218,
              39.65944298084405
            ],
            [
              -104.94101209618456,
              39.659194498082
            ],
            [
              -104.94037665581659,
              39.659013020656715
            ],
            [
              -104.93967469023644,
              39.658876213141546
            ],
            [
              -104.93893946306224,
              39.65876174010981
            ],
            [
              -104.93820423791209,
              39.65864726613484
            ],
            [
              -104.93750227840414,
              39.658510455789965
            ],
            [
              -104.93686684815657,
              39.65832897364852
            ],
            [
              -104.93633121078743,
              39.658080484283836
            ],
            [
              -104.93592862991495,
              39.65774265226926
            ],
            [
              -104.9357026903985,
              39.65735894332331
            ],
            [
              -104.9355798857232,
              39.656905984891324
            ],
            [
              -104.93553443249222,
              39.65640108888482
            ],
            [
              -104.9355405473086,
              39.65586156721525
            ],
            [
              -104.93557244677558,
              39.65530473179408
            ],
            [
              -104.93560434749627,
              39.654747894532825
            ],
            [
              -104.93561046607381,
              39.65420836734296
            ],
            [
              -104.93556501911128,
              39.65370346213596
            ],
            [
              -104.93544222321196,
              39.65325049082332
            ],
            [
              -104.93521629497887,
              39.6528667653165
            ],
            [
              -104.93483611396248,
              39.65248956996404
            ],
            [
              -104.93435768313584,
              39.652140495991446
            ],
            [
              -104.9337993519434,
              39.65182344255601
            ],
            [
              -104.93317946982955,
              39.651542308815046
            ],
            [
              -104.93251638623883,
              39.65130099392583
            ],
            [
              -104.93182845061564,
              39.651103397045674
            ],
            [
              -104.9311340124045,
              39.65095341733187
            ],
            [
              -104.93045142104982,
              39.65085495394172
            ],
            [
              -104.92979902599608,
              39.650811906032544
            ],
            [
              -104.92919517668774,
              39.65082817276159
            ],
            [
              -104.92861348645954,
              39.650907243760464
            ],
            [
              -104.92799621657915,
              39.65104839713443
            ],
            [
              -104.92736094106593,
              39.65124540589684
            ],
            [
              -104.92672523393922,
              39.651492043061
            ],
            [
              -104.92610666921834,
              39.65178208164019
            ],
            [
              -104.92552282092268,
              39.652109294647765
            ],
            [
              -104.9249912630716,
              39.65246745509704
            ],
            [
              -104.92452956968438,
              39.65285033600132
            ],
            [
              -104.92415531478042,
              39.6532517103739
            ],
            [
              -104.92388607237906,
              39.653665351228135
            ],
            [
              -104.92372571492659,
              39.65407708612093
            ],
            [
              -104.92362434451967,
              39.65454630534461
            ],
            [
              -104.92357913572249,
              39.655057773363325
            ],
            [
              -104.92358726309922,
              39.65559625464121
            ],
            [
              -104.92364590121409,
              39.656146513642454
            ],
            [
              -104.92375222463126,
              39.656693314831216
            ],
            [
              -104.92390340791492,
              39.65722142267165
            ],
            [
              -104.92409662562928,
              39.65771560162791
            ],
            [
              -104.92432905233848,
              39.65816061616416
            ],
            [
              -104.92459786260679,
              39.65854123074458
            ],
            [
              -104.92500040252668,
              39.65887909734375
            ],
            [
              -104.92553600773665,
              39.65912763532966
            ],
            [
              -104.92617141241999,
              39.659309176619885
            ],
            [
              -104.92687335076023,
              39.65944605313206
            ],
            [
              -104.92760855694077,
              39.65956059678378
            ],
            [
              -104.92834376514503,
              39.659675139492634
            ],
            [
              -104.9290457095564,
              39.65981201317623
            ],
            [
              -104.92968112435835,
              39.65999354975218
            ],
            [
              -104.93021674373428,
              39.66024208113805
            ],
            [
              -104.93061930186762,
              39.66057993925149
            ],
            [
              -104.93088812941896,
              39.660960533371046
            ],
            [
              -104.93112058619316,
              39.66140552271143
            ],
            [
              -104.93131384364602,
              39.66189967245159
            ],
            [
              -104.93146507323323,
              39.66242774777042
            ],
            [
              -104.93157144641054,
              39.662974513846834
            ],
            [
              -104.93163013463369,
              39.66352473585977
            ],
            [
              -104.93163830935842,
              39.66406317898811
            ],
            [
              -104.93159314204046,
              39.66457460841078
            ],
            [
              -104.93149180413558,
              39.66504378930671
            ],
            [
              -104.93133146709945,
              39.66545548685479
            ],
            [
              -104.93103096066214,
              39.665835652532756
            ],
            [
              -104.93057680448408,
              39.666151497938884
            ],
            [
              -104.93000741093093,
              39.6664191029655
            ],
            [
              -104.92936119236846,
              39.666654547504976
            ],
            [
              -104.92867656116236,
              39.66687391144968
            ],
            [
              -104.92799192967834,
              39.66709327469194
            ],
            [
              -104.92734571028215,
              39.667328717124136
            ],
            [
              -104.92677631533948,
              39.66759631863861
            ],
            [
              -104.92632215721599,
              39.66791215912773
            ],
            [
              -104.9260216482775,
              39.66829231848383
            ],
            [
              -104.92586131066601,
              39.668703993075425
            ],
            [
              -104.92575996339319,
              39.6691731460793
            ],
            [
              -104.9257147798451,
              39.669684543609094
            ],
            [
              -104.92572293340797,
              39.670222951778484
            ],
            [
              -104.92578159746787,
              39.67077313670113
            ],
            [
              -104.92588794541109,
              39.671319864490705
            ],
            [
              -104.92603915062372,
              39.67184790126089
            ],
            [
              -104.92623238649196,
              39.67234201312533
            ],
            [
              -104.92646482640191,
              39.67278696619772
            ],
            [
              -104.92673364373981,
              39.673167526591705
            ],
            [
              -104.92713624155542,
              39.673505378238474
            ],
            [
              -104.92767192738842,
              39.673753889601635
            ],
            [
              -104.92830742974058,
              39.673935395516125
            ],
            [
              -104.92900947711374,
              39.6740722308169
            ],
            [
              -104.92974479800972,
              39.6741867303389
            ],
            [
              -104.93048012093033,
              39.67430122891711
            ],
            [
              -104.93118217437737,
              39.67443806138645
            ],
            [
              -104.93181768685264,
              39.67461956258187
            ],
            [
              -104.93235338685795,
              39.67486806733834
            ],
            [
              -104.93275600289513,
              39.675205910490796
            ],
            [
              -104.93302483751609,
              39.67558645040577
            ],
            [
              -104.93325730749496,
              39.67603137825912
            ],
            [
              -104.93345058310899,
              39.67652546088034
            ],
            [
              -104.93360183463543,
              39.67705346509895
            ],
            [
              -104.93370823235145,
              39.67760015774448
            ],
            [
              -104.93376694653428,
              39.678150305646405
            ],
            [
              -104.9337751474612,
              39.678688675634284
            ],
            [
              -104.93373000540933,
              39.679200034537594
            ],
            [
              -104.93362869065595,
              39.679669149185884
            ],
            [
              -104.93346837347828,
              39.68008078640862
            ],
            [
              -104.93316784554075,
              39.68046092819011
            ],
            [
              -104.93271363454913,
              39.68077674249593
            ],
            [
              -104.93214416119753,
              39.681044311019214
            ],
            [
              -104.93149784618015,
              39.68127971545316
            ],
            [
              -104.93081311019111,
              39.681499037490866
            ],
            [
              -104.93012837392456,
              39.68171835882554
            ],
            [
              -104.92948205807468,
              39.68195376115031
            ],
            [
              -104.9289125833356,
              39.68222132615833
            ],
            [
              -104.92845837040149,
              39.682537135542766
            ],
            [
              -104.92815783996647,
              39.68291727099677
            ],
            [
              -104.92799752222096,
              39.68332888524675
            ],
            [
              -104.92789619810429,
              39.68379797198311
            ],
            [
              -104.9278510398242,
              39.68430929897078
            ],
            [
              -104.92785921958867,
              39.68484763397477
            ],
            [
              -104.92791790960545,
              39.68539774476001
            ],
            [
              -104.92802428208253,
              39.6859443990915
            ],
            [
              -104.92817550922761,
              39.68647236473418
            ],
            [
              -104.9283687632487,
              39.68696640945304
            ],
            [
              -104.92860121635356,
              39.687411301013036
            ],
            [
              -104.92887004075013,
              39.687791807179146
            ],
            [
              -104.92925031911498,
              39.68816899023702
            ],
            [
              -104.92972889900086,
              39.68851802683351
            ],
            [
              -104.9302874214679,
              39.68883502379495
            ],
            [
              -104.93090752757625,
              39.689116087947696
            ],
            [
              -104.93157085838612,
              39.6893573261181
            ],
            [
              -104.9322590549576,
              39.68955484513248
            ],
            [
              -104.93295375835095,
              39.6897047518172
            ],
            [
              -104.93363660962625,
              39.689803152998614
            ],
            [
              -104.93428924984369,
              39.68984615550307
            ],
            [
              -104.93489332006342,
              39.68982986615689
            ],
            [
              -104.93544393500538,
              39.68971735226566
            ],
            [
              -104.93598152154213,
              39.689490747063864
            ],
            [
              -104.93650933705771,
              39.68917857267479
            ],
            [
              -104.93703063893619,
              39.68880935122175
            ],
            [
              -104.93754868456162,
              39.68841160482801
            ],
            [
              -104.93806673131807,
              39.6880138556169
            ],
            [
              -104.93858803658958,
              39.687644625711705
            ],
            [
              -104.93911585776021,
              39.687332437235725
            ],
            [
              -104.93965345221403,
              39.68710581231225
            ],
            [
              -104.94020407733508,
              39.68699327306457
            ]
          ],
          [
            [
              -105.02785688354194,
              39.776785064269525
            ],
            [
              -105.0280167650925,
              39.776373693064976
            ],
            [
              -105.02811756845136,
              39.7759049212419
            ],
            [
              -105.02816214422103,
              39.77539396991499
            ],
            [
              -105.02815334300409,
              39.7748560601989
            ],
            [
              -105.02809401540307,
              39.774306413208336
            ],
            [
              -105.02798701202047,
              39.773760250057975
            ],
            [
              -105.02783518345889,
              39.77323279186249
            ],
            [
              -105.02764138032083,
              39.77273925973658
            ],
            [
              -105.02740845320884,
              39.77229487479491
            ],
            [
              -105.0271392527254,
              39.77191485815218
            ],
            [
              -105.02675831974672,
              39.77153800169121
            ],
            [
              -105.02627901198139,
              39.77118943377977
            ],
            [
              -105.02571970823236,
              39.770873015967524
            ],
            [
              -105.02509878730262,
              39.77059260980408
            ],
            [
              -105.02443462799513,
              39.77035207683912
            ],
            [
              -105.0237456091129,
              39.77015527862224
            ],
            [
              -105.0230501094589,
              39.77000607670311
            ],
            [
              -105.02236650783605,
              39.769908332631346
            ],
            [
              -105.02171318304737,
              39.76986590795661
            ],
            [
              -105.02110851389587,
              39.76988266422851
            ],
            [
              -105.02052617880534,
              39.76996207123123
            ],
            [
              -105.01990822922079,
              39.77010346347252
            ],
            [
              -105.01927226990479,
              39.77030062838072
            ],
            [
              -105.01863590561987,
              39.7705473533841
            ],
            [
              -105.01801674112866,
              39.770837425911
            ],
            [
              -105.01743238119369,
              39.771164633389674
            ],
            [
              -105.01690043057746,
              39.77152276324843
            ],
            [
              -105.01643849404257,
              39.77190560291557
            ],
            [
              -105.0160641763516,
              39.77230693981939
            ],
            [
              -105.01579508226708,
              39.77272056138819
            ],
            [
              -105.01563516902559,
              39.77313192861145
            ],
            [
              -105.01553431976879,
              39.77360069701371
            ],
            [
              -105.01548968731608,
              39.77411164555012
            ],
            [
              -105.01549842448676,
              39.77464955317576
            ],
            [
              -105.01555768410029,
              39.7751991988458
            ],
            [
              -105.01566461897596,
              39.77574536151535
            ],
            [
              -105.01581638193319,
              39.77627282013953
            ],
            [
              -105.01601012579128,
              39.77676635367347
            ],
            [
              -105.01624300336968,
              39.7772107410723
            ],
            [
              -105.01651216748769,
              39.77759076129116
            ],
            [
              -105.01689308993127,
              39.7779676362256
            ],
            [
              -105.01737240572639,
              39.778316222043074
            ],
            [
              -105.01793173268308,
              39.778632656826034
            ],
            [
              -105.01855268861144,
              39.778913078657
            ],
            [
              -105.01921689132149,
              39.779153625618434
            ],
            [
              -105.01990595862333,
              39.77935043579282
            ],
            [
              -105.02060150832696,
              39.779499647262625
            ],
            [
              -105.0212851582425,
              39.77959739811037
            ],
            [
              -105.02193852617995,
              39.779639826418496
            ],
            [
              -105.02254322994943,
              39.77962307026952
            ],
            [
              -105.02312559346522,
              39.779543659945176
            ],
            [
              -105.02374357697542,
              39.77940226098322
            ],
            [
              -105.02437957313573,
              39.779205086599774
            ],
            [
              -105.02501597460187,
              39.77895835001097
            ],
            [
              -105.0256351740296,
              39.778668264432966
            ],
            [
              -105.02621956407461,
              39.77834104308188
            ],
            [
              -105.02675153739261,
              39.77798289917386
            ],
            [
              -105.02721348663935,
              39.77760004592504
            ],
            [
              -105.02758780447057,
              39.77719869655155
            ],
            [
              -105.02785688354194,
              39.776785064269525
            ]
          ],
          [
            [
              -105.01823990942971,
              39.75039915013688
            ],
            [
              -105.01854027647546,
              39.750018897786425
            ],
            [
              -105.01899454763993,
              39.74970290174579
            ],
            [
              -105.01956424682565,
              39.74943509776108
            ],
            [
              -105.02021089793521,
              39.74919942157837
            ],
            [
              -105.02089602487118,
              39.74897980894373
            ],
            [
              -105.02158115153608,
              39.74876019560325
            ],
            [
              -105.02222780183249,
              39.74852451730302
            ],
            [
              -105.02279749966297,
              39.74825670978911
            ],
            [
              -105.02325176893002,
              39.7479407088076
            ],
            [
              -105.02355213353628,
              39.747560450104565
            ],
            [
              -105.02366914577568,
              39.747152096287806
            ],
            [
              -105.02366033828976,
              39.74669121204925
            ],
            [
              -105.02355716564779,
              39.74619092947595
            ],
            [
              -105.02339108241918,
              39.74566438065497
            ],
            [
              -105.02319354317319,
              39.74512469767335
            ],
            [
              -105.02299600247919,
              39.74458501261814
            ],
            [
              -105.02282991490641,
              39.7440584575764
            ],
            [
              -105.02272673502428,
              39.74355816463518
            ],
            [
              -105.02271791740208,
              39.74309726588155
            ],
            [
              -105.02283491660913,
              39.74268889340255
            ],
            [
              -105.02313525361117,
              39.74230861218878
            ],
            [
              -105.02358948191537,
              39.74199257615339
            ],
            [
              -105.02415912862847,
              39.7417247238254
            ],
            [
              -105.02480572085717,
              39.741488993733846
            ],
            [
              -105.0254907857082,
              39.74126932440776
            ],
            [
              -105.02617585028831,
              39.74104965437617
            ],
            [
              -105.02682244170417,
              39.740813922168115
            ],
            [
              -105.02739208706251,
              39.7405460663126
            ],
            [
              -105.02784631347006,
              39.74023002533866
            ],
            [
              -105.02814664803354,
              39.73984973777535
            ],
            [
              -105.02830655867582,
              39.7394382039449
            ],
            [
              -105.02840739559848,
              39.73896925705664
            ],
            [
              -105.028452007342,
              39.738458122350394
            ],
            [
              -105.0284432424468,
              39.73792002506597
            ],
            [
              -105.02838394945343,
              39.7373701904432
            ],
            [
              -105.02827697690233,
              39.73682384372192
            ],
            [
              -105.02812517333399,
              39.73629621014193
            ],
            [
              -105.0279313872889,
              39.73580251494307
            ],
            [
              -105.02769846730753,
              39.73535798336515
            ],
            [
              -105.02742926193038,
              39.734977840648014
            ],
            [
              -105.02702607828564,
              39.734640325614606
            ],
            [
              -105.02648977485181,
              39.73439230681963
            ],
            [
              -105.02585363208394,
              39.734211409965766
            ],
            [
              -105.02515093043719,
              39.73407526075566
            ],
            [
              -105.02441495036672,
              39.73396148489199
            ],
            [
              -105.0236789723276,
              39.733847708077406
            ],
            [
              -105.02297627677505,
              39.73371155601457
            ],
            [
              -105.02234014416412,
              39.73353065440614
            ],
            [
              -105.02180385494997,
              39.7332826289548
            ],
            [
              -105.02140068958772,
              39.732945105363164
            ],
            [
              -105.02113150150622,
              39.73256494204345
            ],
            [
              -105.02089861163083,
              39.732120385076584
            ],
            [
              -105.02070486539009,
              39.73162666043006
            ],
            [
              -105.02055310821257,
              39.73109899407131
            ],
            [
              -105.02044618552682,
              39.730552611967795
            ],
            [
              -105.0203869427614,
              39.73000274008701
            ],
            [
              -105.02037822534486,
              39.729464604396384
            ],
            [
              -105.02042287870574,
              39.728953430863385
            ],
            [
              -105.02052374827262,
              39.72848444545549
            ],
            [
              -105.02068367947405,
              39.72807287414015
            ],
            [
              -105.02098399513996,
              39.727692568975804
            ],
            [
              -105.02143816871217,
              39.72737650185457
            ],
            [
              -105.02200773564624,
              39.727108613089456
            ],
            [
              -105.02265423139778,
              39.72687284299346
            ],
            [
              -105.0233391914224,
              39.72665313187958
            ],
            [
              -105.02402415117561,
              39.72643342006082
            ],
            [
              -105.02467064611305,
              39.726197647850185
            ],
            [
              -105.0252402116903,
              39.72592975556067
            ],
            [
              -105.02569438336295,
              39.72561368350527
            ],
            [
              -105.02599469658654,
              39.72523337199701
            ],
            [
              -105.0261546272813,
              39.72482177767567
            ],
            [
              -105.02625548755614,
              39.72435276432761
            ],
            [
              -105.0263001247668,
              39.723841558852904
            ],
            [
              -105.02629138626898,
              39.72330338815156
            ],
            [
              -105.0262321194185,
              39.72275347912367
            ],
            [
              -105.02612517157105,
              39.72220705866927
            ],
            [
              -105.02597339008237,
              39.72167935368842
            ],
            [
              -105.02577962230825,
              39.721185591081195
            ],
            [
              -105.02554671560434,
              39.72074099774761
            ],
            [
              -105.02527751732643,
              39.72036080058775
            ],
            [
              -105.02489675142154,
              39.71998390542219
            ],
            [
              -105.02441767016877,
              39.719635260439446
            ],
            [
              -105.02385864188788,
              39.71931873755964
            ],
            [
              -105.02323803489861,
              39.719038208702884
            ],
            [
              -105.02257421752066,
              39.7187975457893
            ],
            [
              -105.02188555807382,
              39.718600620739025
            ],
            [
              -105.0211904248778,
              39.71845130547219
            ],
            [
              -105.02050718625236,
              39.71835347190891
            ],
            [
              -105.01985421051724,
              39.718310991969304
            ],
            [
              -105.01924986599217,
              39.7183277375735
            ],
            [
              -105.01869911461158,
              39.71844062348454
            ],
            [
              -105.01816147555155,
              39.718667550639026
            ],
            [
              -105.01763367101258,
              39.718980008021894
            ],
            [
              -105.0171124231951,
              39.71934948461805
            ],
            [
              -105.01659445429952,
              39.7197474694124
            ],
            [
              -105.01607648652636,
              39.72014545138988
            ],
            [
              -105.01555524207603,
              39.72051491953538
            ],
            [
              -105.01502744314895,
              39.72082736283384
            ],
            [
              -105.01448981194564,
              39.72105427027016
            ],
            [
              -105.01393907066651,
              39.721167130829265
            ],
            [
              -105.01335710397447,
              39.72114447826074
            ],
            [
              -105.01276129289319,
              39.72100135843429
            ],
            [
              -105.01215509815295,
              39.72076788744519
            ],
            [
              -105.011541980484,
              39.72047418138877
            ],
            [
              -105.01092540061659,
              39.72015035636032
            ],
            [
              -105.010308819281,
              39.71982652845515
            ],
            [
              -105.0096956972075,
              39.71953281376858
            ],
            [
              -105.00908949512635,
              39.719299328395905
            ],
            [
              -105.00849367376782,
              39.71915618843244
            ],
            [
              -105.00791169386216,
              39.7191335099735
            ],
            [
              -105.00732963509088,
              39.71921290703283
            ],
            [
              -105.00671198990307,
              39.71935433908288
            ],
            [
              -105.00607634922234,
              39.71955158348932
            ],
            [
              -105.00544030397234,
              39.719798417617845
            ],
            [
              -105.00482144507674,
              39.72008861883417
            ],
            [
              -105.0042373634592,
              39.720415964503985
            ],
            [
              -105.00370565004334,
              39.720774231993
            ],
            [
              -105.00324389575285,
              39.721157198666894
            ],
            [
              -105.00286969151131,
              39.72155864189138
            ],
            [
              -105.00260062824245,
              39.721972339032135
            ],
            [
              -105.00244062363736,
              39.72238390691809
            ],
            [
              -105.00233966773209,
              39.72285289940809
            ],
            [
              -105.00229491839048,
              39.72336408960784
            ],
            [
              -105.00230353347627,
              39.72390225062301
            ],
            [
              -105.00236267085324,
              39.724452155559305
            ],
            [
              -105.00246948838512,
              39.72499857752237
            ],
            [
              -105.0026211439357,
              39.72552628961793
            ],
            [
              -105.00281479536878,
              39.72602006495164
            ],
            [
              -105.00304760054809,
              39.726464676629206
            ],
            [
              -105.00331671733737,
              39.72684489775629
            ],
            [
              -105.00371979245654,
              39.72718248109658
            ],
            [
              -105.00425599342486,
              39.727430593183016
            ],
            [
              -105.00489203928774,
              39.727611601591576
            ],
            [
              -105.00559464909037,
              39.72774787389826
            ],
            [
              -105.00633054187813,
              39.72786177767908
            ],
            [
              -105.00706643669628,
              39.72797568051003
            ],
            [
              -105.0077690525901,
              39.72811194996709
            ],
            [
              -105.00840510860493,
              39.72829295362629
            ],
            [
              -105.00894132378608,
              39.7285410590636
            ],
            [
              -105.00934441717881,
              39.72887863385505
            ],
            [
              -105.00957063832021,
              39.72926196904612
            ],
            [
              -105.00969380719478,
              39.72971456612937
            ],
            [
              -105.00973968718209,
              39.73021910917015
            ],
            [
              -105.00973404166172,
              39.73075828223377
            ],
            [
              -105.00970263401334,
              39.73131476938558
            ],
            [
              -105.00967122761648,
              39.731871254690894
            ],
            [
              -105.00966558585077,
              39.732410422215054
            ],
            [
              -105.00971147209583,
              39.73291495602337
            ],
            [
              -105.0098346497312,
              39.733367540181185
            ],
            [
              -105.01006088213656,
              39.73375085875382
            ],
            [
              -105.01046400668812,
              39.73408841712387
            ],
            [
              -105.01100026399814,
              39.73433649137195
            ],
            [
              -105.01163637138472,
              39.73451745229089
            ],
            [
              -105.01233904616606,
              39.73465367067357
            ],
            [
              -105.01307500566026,
              39.73476751731286
            ],
            [
              -105.01381096718546,
              39.7348813630016
            ],
            [
              -105.01451364805988,
              39.73501757853266
            ],
            [
              -105.01514976560163,
              39.73519853469893
            ],
            [
              -105.01568603712884,
              39.73544660229322
            ],
            [
              -105.0160891799597,
              39.735784152108444
            ],
            [
              -105.01635834017074,
              39.73616431523071
            ],
            [
              -105.01659120810609,
              39.73660886271635
            ],
            [
              -105.01678493702573,
              39.73710256925965
            ],
            [
              -105.01693668018962,
              39.737630209554936
            ],
            [
              -105.01704359085775,
              39.738176558296516
            ],
            [
              -105.01710282229013,
              39.73872639017871
            ],
            [
              -105.01711152774672,
              39.73926447989584
            ],
            [
              -105.0170668604875,
              39.739775602142174
            ],
            [
              -105.01696597377244,
              39.74024453161206
            ],
            [
              -105.01680602086157,
              39.74065604299981
            ],
            [
              -105.016536957683,
              39.741069724880575
            ],
            [
              -105.0161627150729,
              39.741471144281775
            ],
            [
              -105.01570089056494,
              39.74185408106971
            ],
            [
              -105.01516908169285,
              39.74221231511065
            ],
            [
              -105.01458488599025,
              39.74253962627088
            ],
            [
              -105.01396590099091,
              39.742829794416686
            ],
            [
              -105.01332972422846,
              39.743076599414344
            ],
            [
              -105.01269395323664,
              39.743273821130146
            ],
            [
              -105.0120761855491,
              39.743415239430384
            ],
            [
              -105.01149401869954,
              39.74349463418132
            ],
            [
              -105.01091192199293,
              39.74347197094992
            ],
            [
              -105.01031598462768,
              39.743328861726226
            ],
            [
              -105.00970966640138,
              39.74309541728868
            ],
            [
              -105.00909642711159,
              39.74280174841569
            ],
            [
              -105.00847972655585,
              39.7424779658857
            ],
            [
              -105.0078630245317,
              39.74215418047712
            ],
            [
              -105.00724978083672,
              39.74186050296842
            ],
            [
              -105.00664345526846,
              39.74162704413799
            ],
            [
              -105.00604750762449,
              39.74148391476429
            ],
            [
              -105.00546539770237,
              39.74146122562573
            ],
            [
              -105.0048832168871,
              39.74154058467933
            ],
            [
              -105.00426543311846,
              39.74168195422551
            ],
            [
              -105.00362964363455,
              39.74187911729726
            ],
            [
              -105.00299344567341,
              39.742125856927515
            ],
            [
              -105.0023744364732,
              39.74241595614924
            ],
            [
              -105.00179021327202,
              39.742743197995416
            ],
            [
              -105.00125837330789,
              39.74310136549899
            ],
            [
              -105.000796513819,
              39.743484241692926
            ],
            [
              -105.00042223204336,
              39.743885609610196
            ],
            [
              -105.00015312521917,
              39.74429925228376
            ],
            [
              -104.99999312953746,
              39.74471071818999
            ],
            [
              -104.99989218373067,
              39.74517960225801
            ],
            [
              -104.99984744478802,
              39.74569068005152
            ],
            [
              -104.99985606969886,
              39.746228727134216
            ],
            [
              -104.99991521545238,
              39.7467785190698
            ],
            [
              -105.00002203903793,
              39.74732483142197
            ],
            [
              -105.00017369744472,
              39.74785243975443
            ],
            [
              -105.00036734766208,
              39.74834611963088
            ],
            [
              -105.00060014667923,
              39.74879064661501
            ],
            [
              -105.00086925148551,
              39.74917079627054
            ],
            [
              -105.00127239323487,
              39.74950837421651
            ],
            [
              -105.0018086993631,
              39.749756470352544
            ],
            [
              -105.00244487928339,
              39.74993745489333
            ],
            [
              -105.00314764240889,
              39.750073698053605
            ],
            [
              -105.00388369815279,
              39.75018757004804
            ],
            [
              -105.00461975592827,
              39.75030144109136
            ],
            [
              -105.00532252514851,
              39.750437681398274
            ],
            [
              -105.00595871522671,
              39.75061866118347
            ],
            [
              -105.00649503557604,
              39.75086675066167
            ],
            [
              -105.0068981956097,
              39.75120432004758
            ],
            [
              -105.00712440686024,
              39.751587580691556
            ],
            [
              -105.00724757492583,
              39.752040085253576
            ],
            [
              -105.0072934609156,
              39.752544522292325
            ],
            [
              -105.00728782593876,
              39.753083580366436
            ],
            [
              -105.00725643110448,
              39.75363994803461
            ],
            [
              -105.00722503752186,
              39.754196313855495
            ],
            [
              -105.00721940630011,
              39.75473536638778
            ],
            [
              -105.00726529854836,
              39.75523979419013
            ],
            [
              -105.00738847537585,
              39.75569228582121
            ],
            [
              -105.00761469789164,
              39.7560755298397
            ],
            [
              -105.00799551662688,
              39.75645244422393
            ],
            [
              -105.00847470503268,
              39.75680109281842
            ],
            [
              -105.00903388577478,
              39.75711760810149
            ],
            [
              -105.00965468151892,
              39.75739812255142
            ],
            [
              -105.01031871493086,
              39.75763876864651
            ],
            [
              -105.01100760867632,
              39.757835678865064
            ],
            [
              -105.01170298542104,
              39.75798498568538
            ],
            [
              -105.01238646783077,
              39.75808282158575
            ],
            [
              -105.01303967857125,
              39.758125319044495
            ],
            [
              -105.01364424030818,
              39.758108610539885
            ],
            [
              -105.01422648684112,
              39.75802922140306
            ],
            [
              -105.01484434313642,
              39.757887823568524
            ],
            [
              -105.01548020762885,
              39.75769063402373
            ],
            [
              -105.01611647875308,
              39.7574438697561
            ],
            [
              -105.016735554944,
              39.757153747753115
            ],
            [
              -105.01731983463634,
              39.75682648500221
            ],
            [
              -105.01785171626487,
              39.756468298490816
            ],
            [
              -105.0183135982644,
              39.7560854052064
            ],
            [
              -105.01868787906965,
              39.7556840221364
            ],
            [
              -105.01895695711544,
              39.75527036626827
            ],
            [
              -105.01907398124959,
              39.754862051501355
            ],
            [
              -105.01906518901114,
              39.75440120298509
            ],
            [
              -105.01896203413128,
              39.75390095363829
            ],
            [
              -105.01879597034117,
              39.75337443637979
            ],
            [
              -105.01859845137193,
              39.752834784128396
            ],
            [
              -105.01840093095475,
              39.75229512980293
            ],
            [
              -105.01823486282072,
              39.75176860632222
            ],
            [
              -105.01813170070116,
              39.75126834660511
            ],
            [
              -105.01812289832709,
              39.75080748357038
            ],
            [
              -105.01823990942971,
              39.75039915013688
            ]
          ],
          [
            [
              -105.00576312523884,
              39.70451413979974
            ],
            [
              -105.00553690960527,
              39.704130711221346
            ],
            [
              -105.00541376509847,
              39.70367800056396
            ],
            [
              -105.00536792424964,
              39.703173327886056
            ],
            [
              -105.00537361959007,
              39.70263401324608
            ],
            [
              -105.00540508365083,
              39.70207737670252
            ],
            [
              -105.00543654896319,
              39.70152073831383
            ],
            [
              -105.00544224805839,
              39.7009814181385
            ],
            [
              -105.00539641346755,
              39.700476736234954
            ],
            [
              -105.00527327772193,
              39.700024012661714
            ],
            [
              -105.00504707335271,
              39.6996405674772
            ],
            [
              -105.00466645594743,
              39.699263601110474
            ],
            [
              -105.00418754430824,
              39.69891485203249
            ],
            [
              -105.00362870140391,
              39.6985981993718
            ],
            [
              -105.00300829020333,
              39.69831752225696
            ],
            [
              -105.00234467367527,
              39.69807669981651
            ],
            [
              -105.00165621478858,
              39.697879611179005
            ],
            [
              -105.00096127651207,
              39.697730135473
            ],
            [
              -105.00027822181458,
              39.69763215182705
            ],
            [
              -104.99962541366493,
              39.6975895393697
            ],
            [
              -104.99902121503195,
              39.697606177229495
            ],
            [
              -104.99843927317015,
              39.69768555316391
            ],
            [
              -104.99782175510798,
              39.69782698411019
            ],
            [
              -104.99718624599956,
              39.698024243667234
            ],
            [
              -104.99655033099913,
              39.69827110543395
            ],
            [
              -104.99593159526079,
              39.69856134300929
            ],
            [
              -104.99534762393876,
              39.69888872999215
            ],
            [
              -104.9948160021872,
              39.699247039981465
            ],
            [
              -104.9943543151603,
              39.69963004657613
            ],
            [
              -104.9939801480122,
              39.700031523375095
            ],
            [
              -104.9937110858971,
              39.70044524397725
            ],
            [
              -104.99359394540753,
              39.700853759719145
            ],
            [
              -104.99360260193694,
              39.70131484016445
            ],
            [
              -104.99370560586874,
              39.701815343619096
            ],
            [
              -104.99387150758636,
              39.702342128389034
            ],
            [
              -104.9940688574732,
              39.702882052780204
            ],
            [
              -104.99426620591265,
              39.703421975098536
            ],
            [
              -104.99443210328813,
              39.70394875364999
            ],
            [
              -104.99453509998307,
              39.704449246740474
            ],
            [
              -104.99454374638086,
              39.70491031267595
            ],
            [
              -104.99442659286485,
              39.70531880976235
            ],
            [
              -104.99412621496488,
              39.705699072757085
            ],
            [
              -104.99367204814148,
              39.706015069261774
            ],
            [
              -104.99310253955707,
              39.706282865722926
            ],
            [
              -104.99245613637419,
              39.706518528587026
            ],
            [
              -104.99177128575528,
              39.70673812430057
            ],
            [
              -104.9910864348628,
              39.706957719310054
            ],
            [
              -104.99044003085923,
              39.70719338006195
            ],
            [
              -104.98987052090709,
              39.707461173002805
            ],
            [
              -104.9894163521688,
              39.70777716457907
            ],
            [
              -104.98911597180685,
              39.70815742123723
            ],
            [
              -104.98895590495877,
              39.708569027117115
            ],
            [
              -104.98885487598821,
              39.70903806857383
            ],
            [
              -104.98881004574184,
              39.709549316991335
            ],
            [
              -104.98881857506646,
              39.71008754375356
            ],
            [
              -104.98887762480877,
              39.71063752024442
            ],
            [
              -104.98898435581538,
              39.71118401784784
            ],
            [
              -104.98913592893312,
              39.711711807947786
            ],
            [
              -104.98932950500863,
              39.712205661928145
            ],
            [
              -104.98956224488863,
              39.712650351172876
            ],
            [
              -104.98983130941981,
              39.71303064706589
            ],
            [
              -104.99021192087207,
              39.713407640077
            ],
            [
              -104.99069085464225,
              39.7137564139006
            ],
            [
              -104.9912497431043,
              39.71407308982245
            ],
            [
              -104.99187021863224,
              39.71435378912831
            ],
            [
              -104.99253391360003,
              39.714594633103914
            ],
            [
              -104.99322246038169,
              39.714791743035036
            ],
            [
              -104.99391749135117,
              39.7149412402074
            ],
            [
              -104.99460063888247,
              39.715039245906766
            ],
            [
              -104.9952535353496,
              39.71508188141888
            ],
            [
              -104.99585781312652,
              39.71506526802951
            ],
            [
              -104.99640853106365,
              39.714952488105325
            ],
            [
              -104.99694615768783,
              39.71472565241447
            ],
            [
              -104.99747396610839,
              39.71441327419437
            ],
            [
              -104.9979952294346,
              39.7140438666824
            ],
            [
              -104.99851322077583,
              39.713645943115964
            ],
            [
              -104.99903121324145,
              39.71324801673246
            ],
            [
              -104.99955247994079,
              39.71287860076927
            ],
            [
              -105.00008029398316,
              39.71256620846381
            ],
            [
              -105.00061792847798,
              39.712339353053466
            ],
            [
              -105.00116865653452,
              39.712226547775636
            ],
            [
              -105.00175058770381,
              39.712249260933255
            ],
            [
              -105.00234635295786,
              39.71239244195947
            ],
            [
              -105.00295249340867,
              39.71262597316816
            ],
            [
              -105.00356555016825,
              39.712919736873204
            ],
            [
              -105.00418206434864,
              39.71324361538851
            ],
            [
              -105.00479857706186,
              39.71356749102796
            ],
            [
              -105.00541162942,
              39.71386124610547
            ],
            [
              -105.00601776253501,
              39.71409476293491
            ],
            [
              -105.00661351751896,
              39.71423792383018
            ],
            [
              -105.00719543548387,
              39.71426061110518
            ],
            [
              -105.00777744303308,
              39.71418120512866
            ],
            [
              -105.00839503358456,
              39.71403974592345
            ],
            [
              -105.0090306176617,
              39.7138424599117
            ],
            [
              -105.00966660578784,
              39.71359557351566
            ],
            [
              -105.01028540848641,
              39.71330531315745
            ],
            [
              -105.0108694362808,
              39.712977905259315
            ],
            [
              -105.01140109969435,
              39.71261957624341
            ],
            [
              -105.01186280925054,
              39.712236552531955
            ],
            [
              -105.01223697547269,
              39.71183506054713
            ],
            [
              -105.01250600888424,
              39.711421326711104
            ],
            [
              -105.01266600185332,
              39.7110096943776
            ],
            [
              -105.01276693522365,
              39.710540632035105
            ],
            [
              -105.01281165336735,
              39.71002936830756
            ],
            [
              -105.01280300065662,
              39.7094911318189
            ],
            [
              -105.01274382146347,
              39.70894115119306
            ],
            [
              -105.0126369601602,
              39.70839465505399
            ],
            [
              -105.01248526111883,
              39.70786687202561
            ],
            [
              -105.0122915687116,
              39.70737303073191
            ],
            [
              -105.01205872731059,
              39.70692835979676
            ],
            [
              -105.01178958128797,
              39.70654808784417
            ],
            [
              -105.01138655452209,
              39.706210507687004
            ],
            [
              -105.01085044447176,
              39.705962386328906
            ],
            [
              -105.01021452246538,
              39.70578135883295
            ],
            [
              -105.00951205983145,
              39.70564506026223
            ],
            [
              -105.00877632789829,
              39.7055311256798
            ],
            [
              -105.00804059799432,
              39.705417190148744
            ],
            [
              -105.00733814144799,
              39.70528088873213
            ],
            [
              -105.00670222958772,
              39.70509985649306
            ],
            [
              -105.00616613374184,
              39.70485172849456
            ],
            [
              -105.00576312523884,
              39.70451413979974
            ]
          ],
          [
            [
              -105.02958162715095,
              39.749592857347785
            ],
            [
              -105.02942174719055,
              39.75000434910694
            ],
            [
              -105.0293209375715,
              39.75047324348491
            ],
            [
              -105.02927635018774,
              39.750984317039126
            ],
            [
              -105.02928513693328,
              39.75152234632702
            ],
            [
              -105.02934444970208,
              39.75207210790606
            ],
            [
              -105.02945144038816,
              39.752618378333665
            ],
            [
              -105.02960326088544,
              39.753145934167264
            ],
            [
              -105.02979706308798,
              39.75363955196433
            ],
            [
              -105.0300299988897,
              39.75408400828229
            ],
            [
              -105.03029922018463,
              39.754464079678584
            ],
            [
              -105.03068012876409,
              39.75484093012134
            ],
            [
              -105.03115940192461,
              39.755189495533564
            ],
            [
              -105.03171866132863,
              39.75550591163046
            ],
            [
              -105.03233952863837,
              39.75578631412718
            ],
            [
              -105.03300362551626,
              39.75602683873894
            ],
            [
              -105.03369257362456,
              39.75622362118091
            ],
            [
              -105.03438799462566,
              39.75637279716828
            ],
            [
              -105.03507151018185,
              39.756470502416256
            ],
            [
              -105.0357247419555,
              39.756512872639995
            ],
            [
              -105.03632931160894,
              39.756496043554705
            ],
            [
              -105.0369115477747,
              39.756416536047844
            ],
            [
              -105.03752938105086,
              39.756275010920845
            ],
            [
              -105.03816521096218,
              39.75607768896125
            ],
            [
              -105.0388014370335,
              39.75583079095664
            ],
            [
              -105.03942045878962,
              39.75554053769454
            ],
            [
              -105.04000467575533,
              39.75521314996253
            ],
            [
              -105.04053648745547,
              39.75485484854818
            ],
            [
              -105.04099829341476,
              39.754471854239014
            ],
            [
              -105.04137249315808,
              39.754070387822594
            ],
            [
              -105.04164148621025,
              39.753656670086514
            ],
            [
              -105.04180133448948,
              39.75324517435267
            ],
            [
              -105.04190209822923,
              39.75277627656564
            ],
            [
              -105.04194662895584,
              39.752265200236565
            ],
            [
              -105.0419377781956,
              39.751727168876656
            ],
            [
              -105.04187839747486,
              39.7511774059971
            ],
            [
              -105.0417713383199,
              39.75063113510908
            ],
            [
              -105.04161945225708,
              39.7501035797238
            ],
            [
              -105.04142559081274,
              39.749609963352455
            ],
            [
              -105.0411926055131,
              39.749165509506206
            ],
            [
              -105.04092334788457,
              39.748785441696256
            ],
            [
              -105.04054242880534,
              39.748408609730994
            ],
            [
              -105.04006316370464,
              39.74806006222685
            ],
            [
              -105.03950392753339,
              39.74774366310063
            ],
            [
              -105.0388830952424,
              39.747463276269166
            ],
            [
              -105.03821904178261,
              39.7472227656493
            ],
            [
              -105.03753014210493,
              39.74702599515785
            ],
            [
              -105.03683477116027,
              39.74687682871168
            ],
            [
              -105.03615130389949,
              39.74677913022757
            ],
            [
              -105.03549811527347,
              39.74673676362239
            ],
            [
              -105.03489358023316,
              39.74675359281296
            ],
            [
              -105.0343113724574,
              39.74683309698172
            ],
            [
              -105.03369357305866,
              39.746974615371585
            ],
            [
              -105.03305777993447,
              39.74717192784003
            ],
            [
              -105.03242159098247,
              39.74741881424453
            ],
            [
              -105.03180260410022,
              39.747709054442566
            ],
            [
              -105.03121841718533,
              39.74803642829164
            ],
            [
              -105.03068662813537,
              39.74839471564921
            ],
            [
              -105.03022483484793,
              39.74877769637276
            ],
            [
              -105.0298506352206,
              39.7491791503198
            ],
            [
              -105.02958162715095,
              39.749592857347785
            ]
          ],
          [
            [
              -105.03460622764918,
              39.783686685689396
            ],
            [
              -105.03498724458704,
              39.78406350477792
            ],
            [
              -105.03546665936281,
              39.784412014135945
            ],
            [
              -105.03602608750086,
              39.784728355874364
            ],
            [
              -105.0366471445256,
              39.78500867210401
            ],
            [
              -105.03731144596148,
              39.785249104935794
            ],
            [
              -105.03800060733289,
              39.78544579648055
            ],
            [
              -105.03869624416421,
              39.78559488884915
            ],
            [
              -105.03937997197988,
              39.78569252415244
            ],
            [
              -105.0400334063043,
              39.78573484450129
            ],
            [
              -105.04063816266189,
              39.785717992006596
            ],
            [
              -105.04122055821287,
              39.785638495639965
            ],
            [
              -105.04183856873081,
              39.785497011373096
            ],
            [
              -105.04247458567212,
              39.78529975370074
            ],
            [
              -105.04311100049323,
              39.78505293711761
            ],
            [
              -105.04373020465049,
              39.78476277611846
            ],
            [
              -105.04431458960033,
              39.78443548519802
            ],
            [
              -105.04484654679914,
              39.78407727885103
            ],
            [
              -105.04530846770331,
              39.783694371572224
            ],
            [
              -105.04568274376925,
              39.78329297785634
            ],
            [
              -105.04595176645336,
              39.78287931219813
            ],
            [
              -105.04611157448105,
              39.7824679376429
            ],
            [
              -105.04621229137891,
              39.781999173012245
            ],
            [
              -105.04625677104544,
              39.78148823848756
            ],
            [
              -105.04624786737915,
              39.78095035425017
            ],
            [
              -105.04618843427863,
              39.78040074048147
            ],
            [
              -105.04608132564238,
              39.77985461736283
            ],
            [
              -105.04592939536893,
              39.7793272050756
            ],
            [
              -105.04573549735683,
              39.778833723801164
            ],
            [
              -105.04550248550454,
              39.778389393720865
            ],
            [
              -105.04523321371072,
              39.778009435016095
            ],
            [
              -105.0448521862628,
              39.77763263440973
            ],
            [
              -105.04437277955394,
              39.77728414295879
            ],
            [
              -105.04381337466958,
              39.77696781818545
            ],
            [
              -105.04319235269526,
              39.776687517611904
            ],
            [
              -105.04252809471637,
              39.77644709876033
            ],
            [
              -105.04183898181844,
              39.77625041915289
            ],
            [
              -105.0411433950869,
              39.77610133631176
            ],
            [
              -105.04045971560727,
              39.77600370775915
            ],
            [
              -105.03980632446495,
              39.775961391017205
            ],
            [
              -105.03920160274545,
              39.775978243608115
            ],
            [
              -105.03861923559441,
              39.77605773663098
            ],
            [
              -105.03800125896545,
              39.776199214156655
            ],
            [
              -105.03736527882322,
              39.77639646233539
            ],
            [
              -105.03672890113245,
              39.77664326731743
            ],
            [
              -105.03610973185785,
              39.77693341525304
            ],
            [
              -105.0355253769641,
              39.777260692292494
            ],
            [
              -105.03499344241595,
              39.777618884586026
            ],
            [
              -105.03453153417803,
              39.778001778283894
            ],
            [
              -105.0341572582151,
              39.77840315953635
            ],
            [
              -105.03388822049185,
              39.778816814493666
            ],
            [
              -105.03372838076221,
              39.77922818507988
            ],
            [
              -105.03362761795876,
              39.779696946309045
            ],
            [
              -105.0335830816046,
              39.78020787806786
            ],
            [
              -105.03359192122285,
              39.78074576024295
            ],
            [
              -105.03365128633669,
              39.781295372721026
            ],
            [
              -105.03375832646924,
              39.78184149538874
            ],
            [
              -105.03391019114363,
              39.78236890813277
            ],
            [
              -105.03410402988298,
              39.78286239083977
            ],
            [
              -105.03433699221046,
              39.783306723396414
            ],
            [
              -105.03460622764918,
              39.783686685689396
            ]
          ],
          [
            [
              -104.95550355764136,
              39.752378014502526
            ],
            [
              -104.9556637329186,
              39.75196665700084
            ],
            [
              -104.95576488180185,
              39.75149785680492
            ],
            [
              -104.95580984171346,
              39.75098683874292
            ],
            [
              -104.95580145007574,
              39.75044882764303
            ],
            [
              -104.955742544311,
              39.7498990483334
            ],
            [
              -104.95563596184155,
              39.74935272564221
            ],
            [
              -104.95548454008969,
              39.748825084397645
            ],
            [
              -104.95529111647777,
              39.74833134942785
            ],
            [
              -104.95505852842808,
              39.74788674556102
            ],
            [
              -104.95478961336293,
              39.7475064976253
            ],
            [
              -104.95440905868213,
              39.74712941845382
            ],
            [
              -104.95393014734637,
              39.74678054538826
            ],
            [
              -104.95337124898995,
              39.74646375608336
            ],
            [
              -104.95275073324717,
              39.74618292819379
            ],
            [
              -104.95208696975236,
              39.74594193937424
            ],
            [
              -104.95139832813985,
              39.74574466727943
            ],
            [
              -104.9507031780439,
              39.74559498956406
            ],
            [
              -104.95001988909887,
              39.7454967838828
            ],
            [
              -104.94936683093908,
              39.74545392789038
            ],
            [
              -104.94876237319883,
              39.7454702992415
            ],
            [
              -104.94818016749225,
              39.74554936245228
            ],
            [
              -104.94756232731918,
              39.74569041384034
            ],
            [
              -104.94692645259809,
              39.745887245928955
            ],
            [
              -104.94629014324747,
              39.74613365124139
            ],
            [
              -104.94567099918584,
              39.74642342230093
            ],
            [
              -104.9450866203316,
              39.74675035163085
            ],
            [
              -104.94455460660323,
              39.74710823175444
            ],
            [
              -104.94409255791928,
              39.74749085519497
            ],
            [
              -104.94371807419815,
              39.7478920144757
            ],
            [
              -104.94344875535832,
              39.74830550211994
            ],
            [
              -104.94328854843432,
              39.748716855591304
            ],
            [
              -104.94318735368415,
              39.749185652289064
            ],
            [
              -104.94314233710827,
              39.74969666746196
            ],
            [
              -104.94315066470726,
              39.75023467635876
            ],
            [
              -104.9432095024816,
              39.75078445422814
            ],
            [
              -104.9433160164318,
              39.75133077631888
            ],
            [
              -104.94346737255842,
              39.75185841787969
            ],
            [
              -104.9436607368619,
              39.75235215415931
            ],
            [
              -104.94389327534284,
              39.75279676040648
            ],
            [
              -104.9441621540017,
              39.75317701186992
            ],
            [
              -104.94454269804744,
              39.75355410948015
            ],
            [
              -104.94502161726463,
              39.753903000447416
            ],
            [
              -104.94558053864465,
              39.7542198067455
            ],
            [
              -104.94620108917884,
              39.754500650348135
            ],
            [
              -104.94686489585854,
              39.75474165322907
            ],
            [
              -104.94755358567511,
              39.75493893736206
            ],
            [
              -104.94824878561985,
              39.75508862472083
            ],
            [
              -104.94893212268414,
              39.75518683727913
            ],
            [
              -104.94958522385937,
              39.75522969701075
            ],
            [
              -104.9501897161368,
              39.75521332588938
            ],
            [
              -104.95077195036956,
              39.75513425944552
            ],
            [
              -104.95138982461452,
              39.75499320141904
            ],
            [
              -104.9520257363603,
              39.75479635992886
            ],
            [
              -104.9526620830954,
              39.75454994309388
            ],
            [
              -104.95328126230842,
              39.75426015903304
            ],
            [
              -104.95386567148785,
              39.7539332158652
            ],
            [
              -104.95439770812233,
              39.75357532170934
            ],
            [
              -104.95485976970039,
              39.75319268468432
            ],
            [
              -104.9552342537105,
              39.75279151290908
            ],
            [
              -104.95550355764136,
              39.752378014502526
            ]
          ],
          [
            [
              -104.94130897101957,
              39.733689624227644
            ],
            [
              -104.94092851548795,
              39.73331249772099
            ],
            [
              -104.9404497174563,
              39.732963555371654
            ],
            [
              -104.93989094297837,
              39.73264667964341
            ],
            [
              -104.93927055810784,
              39.732365753000025
            ],
            [
              -104.93860692889851,
              39.732124657905274
            ],
            [
              -104.93791842140412,
              39.731927276822915
            ],
            [
              -104.9372234016784,
              39.73177749221675
            ],
            [
              -104.93654023577506,
              39.73167918655053
            ],
            [
              -104.93588728974788,
              39.73163624228803
            ],
            [
              -104.93528292965063,
              39.73165254189303
            ],
            [
              -104.9347007988462,
              39.731731551692675
            ],
            [
              -104.9340830362133,
              39.731872560063174
            ],
            [
              -104.93344723817047,
              39.73206935827331
            ],
            [
              -104.93281100113632,
              39.732315737591875
            ],
            [
              -104.93219192152935,
              39.732605489287664
            ],
            [
              -104.93160759576814,
              39.732932404629466
            ],
            [
              -104.93107562027126,
              39.73329027488609
            ],
            [
              -104.93061359145723,
              39.7336728913263
            ],
            [
              -104.93023910574465,
              39.73407404521892
            ],
            [
              -104.92996975955202,
              39.73448752783271
            ],
            [
              -104.92980949042538,
              39.73489891931026
            ],
            [
              -104.92970822264613,
              39.73536776497808
            ],
            [
              -104.92966312519718,
              39.73587883836423
            ],
            [
              -104.92967136706143,
              39.73641691299686
            ],
            [
              -104.92973011722177,
              39.73696676240405
            ],
            [
              -104.9298365446611,
              39.73751316011395
            ],
            [
              -104.9299878183623,
              39.73804087965465
            ],
            [
              -104.93018110730836,
              39.73853469455426
            ],
            [
              -104.93041358048204,
              39.7389793783409
            ],
            [
              -104.93068240686637,
              39.73935970454268
            ],
            [
              -104.93106285174974,
              39.739736849480764
            ],
            [
              -104.93154165763585,
              39.74008580973146
            ],
            [
              -104.93210045509977,
              39.74040270245851
            ],
            [
              -104.93272087471668,
              39.740683644825594
            ],
            [
              -104.9333845470617,
              39.74092475399647
            ],
            [
              -104.93407310270999,
              39.741122147134845
            ],
            [
              -104.93476817223666,
              39.741271941404435
            ],
            [
              -104.93545138621687,
              39.74137025396895
            ],
            [
              -104.93610437522572,
              39.741413201992124
            ],
            [
              -104.93670876983843,
              39.74139690263768
            ],
            [
              -104.93729092918241,
              39.741317889621605
            ],
            [
              -104.93790872590755,
              39.741176874627755
            ],
            [
              -104.93854456100098,
              39.74098006702916
            ],
            [
              -104.93918083544966,
              39.74073367619887
            ],
            [
              -104.93979995024067,
              39.74044391150991
            ],
            [
              -104.94038430636107,
              39.74011698233534
            ],
            [
              -104.94091630479781,
              39.73975909804819
            ],
            [
              -104.94137834653802,
              39.73937646802149
            ],
            [
              -104.94175283256874,
              39.738975301628294
            ],
            [
              -104.94202216387693,
              39.73856180824164
            ],
            [
              -104.94218240137117,
              39.738150412723684
            ],
            [
              -104.9422836232975,
              39.73768156354227
            ],
            [
              -104.9423286640956,
              39.73717048724758
            ],
            [
              -104.94232035820505,
              39.73663241038977
            ],
            [
              -104.94226154006547,
              39.73608255951903
            ],
            [
              -104.94215504411656,
              39.73553616118556
            ],
            [
              -104.94200370479786,
              39.735008441939506
            ],
            [
              -104.94181035654906,
              39.73451462833105
            ],
            [
              -104.94157783380973,
              39.73406994691037
            ],
            [
              -104.94130897101957,
              39.733689624227644
            ]
          ],
          [
            [
              -104.92427104719872,
              39.6955020323518
            ],
            [
              -104.92443138667689,
              39.69509047800719
            ],
            [
              -104.92453272798083,
              39.6946214471658
            ],
            [
              -104.92457790021179,
              39.69411017140679
            ],
            [
              -104.92456973247084,
              39.69357188230933
            ],
            [
              -104.92451105385919,
              39.693021811452596
            ],
            [
              -104.92440469347792,
              39.69247519041574
            ],
            [
              -104.92425348042823,
              39.69194725077795
            ],
            [
              -104.92406024381121,
              39.69145322411838
            ],
            [
              -104.92382781272804,
              39.69100834201622
            ],
            [
              -104.92355901627988,
              39.69062783605061
            ],
            [
              -104.92317876789589,
              39.69025063146744
            ],
            [
              -104.9227002244523,
              39.689901564521485
            ],
            [
              -104.92214174228491,
              39.689584528849224
            ],
            [
              -104.92152167772954,
              39.68930341808715
            ],
            [
              -104.92085838712201,
              39.689062125871764
            ],
            [
              -104.92017022679812,
              39.68886454583955
            ],
            [
              -104.9194755530937,
              39.688714571627
            ],
            [
              -104.91879272234459,
              39.68861609687062
            ],
            [
              -104.91814009088657,
              39.68857301520688
            ],
            [
              -104.91753601505546,
              39.688589220272284
            ],
            [
              -104.91695411860186,
              39.688668188271734
            ],
            [
              -104.9163366107996,
              39.688809194910625
            ],
            [
              -104.91570107651509,
              39.68900602390399
            ],
            [
              -104.9150651006148,
              39.68925245896686
            ],
            [
              -104.91444626796516,
              39.68954228381429
            ],
            [
              -104.91386216343264,
              39.68986928216131
            ],
            [
              -104.91333037188366,
              39.69022723772295
            ],
            [
              -104.91286847818476,
              39.69060993421426
            ],
            [
              -104.9124940672023,
              39.691011155350274
            ],
            [
              -104.91222472380278,
              39.69142468484603
            ],
            [
              -104.91206435272741,
              39.69183623513445
            ],
            [
              -104.91196296561095,
              39.69230526243909
            ],
            [
              -104.91191773677308,
              39.692816535261045
            ],
            [
              -104.91192584053354,
              39.69335482210143
            ],
            [
              -104.91198445121205,
              39.69390489146136
            ],
            [
              -104.91209074312826,
              39.69445151184192
            ],
            [
              -104.91224189060193,
              39.69497945174422
            ],
            [
              -104.91243506795271,
              39.695473479669374
            ],
            [
              -104.91266744950036,
              39.69591836411848
            ],
            [
              -104.91293620956453,
              39.69629887359264
            ],
            [
              -104.91331644729753,
              39.696676096595496
            ],
            [
              -104.91379499856176,
              39.697025181443635
            ],
            [
              -104.91435350365677,
              39.69734223412607
            ],
            [
              -104.91497360288223,
              39.697623360631816
            ],
            [
              -104.91563693653768,
              39.69786466694987
            ],
            [
              -104.91632514492282,
              39.698062259069296
            ],
            [
              -104.91701986833723,
              39.698212242979075
            ],
            [
              -104.91770274708048,
              39.698310724668225
            ],
            [
              -104.91835542145225,
              39.69835381012579
            ],
            [
              -104.91895953175215,
              39.69833760534076
            ],
            [
              -104.91954145674842,
              39.69825863414717
            ],
            [
              -104.92015899865143,
              39.69811762090397
            ],
            [
              -104.92079457000015,
              39.697920782537665
            ],
            [
              -104.92143058333359,
              39.69767433597473
            ],
            [
              -104.92204945119076,
              39.69738449814167
            ],
            [
              -104.92263358611075,
              39.697057485965
            ],
            [
              -104.9231654006325,
              39.69669951637117
            ],
            [
              -104.92362730729509,
              39.6963168062867
            ],
            [
              -104.92400171863747,
              39.69591557263808
            ],
            [
              -104.92427104719872,
              39.6955020323518
            ]
          ],
          [
            [
              -104.91999988809441,
              39.66625349400485
            ],
            [
              -104.9201602672926,
              39.66584181896493
            ],
            [
              -104.92026165489472,
              39.66537265558002
            ],
            [
              -104.92030687764588,
              39.664861238731845
            ],
            [
              -104.92029876229132,
              39.664322803302156
            ],
            [
              -104.92024013557615,
              39.66377258417269
            ],
            [
              -104.92013382424551,
              39.663225816225186
            ],
            [
              -104.91998265504459,
              39.66269773434137
            ],
            [
              -104.91978945471853,
              39.66220357340302
            ],
            [
              -104.91955705001244,
              39.66175856829183
            ],
            [
              -104.91928826767156,
              39.66137795388957
            ],
            [
              -104.91888575052414,
              39.661040061204545
            ],
            [
              -104.9183501633513,
              39.660791481204484
            ],
            [
              -104.91771477416523,
              39.66060988548253
            ],
            [
              -104.91701285097813,
              39.66047294563181
            ],
            [
              -104.91627766180221,
              39.66035833324547
            ],
            [
              -104.91554247464961,
              39.66024371991664
            ],
            [
              -104.91484055753257,
              39.66010677723847
            ],
            [
              -104.91420517846328,
              39.65992517680408
            ],
            [
              -104.91366960545395,
              39.65967659020663
            ],
            [
              -104.91326710651673,
              39.65933868903923
            ],
            [
              -104.91304125679498,
              39.65895494808434
            ],
            [
              -104.91291855468118,
              39.658501979981665
            ],
            [
              -104.91287321358698,
              39.657997091058355
            ],
            [
              -104.91287944692398,
              39.65745758764159
            ],
            [
              -104.9129114681038,
              39.65690077605852
            ],
            [
              -104.91294349053807,
              39.6563439626363
            ],
            [
              -104.91294972763839,
              39.6558044537021
            ],
            [
              -104.91290439281642,
              39.65529955558309
            ],
            [
              -104.9127816994837,
              39.65484657460643
            ],
            [
              -104.91255586105196,
              39.65446281709927
            ],
            [
              -104.91217577012854,
              39.654085558298476
            ],
            [
              -104.91169742448461,
              39.65373640163084
            ],
            [
              -104.91113917253335,
              39.653419249488046
            ],
            [
              -104.91051936268805,
              39.653138004261784
            ],
            [
              -104.90985634336187,
              39.65289656834375
            ],
            [
              -104.90916846296808,
              39.65269884412563
            ],
            [
              -104.90847406991992,
              39.652548733999126
            ],
            [
              -104.90779151263058,
              39.65245014035592
            ],
            [
              -104.9071391395133,
              39.65240696558769
            ],
            [
              -104.90653529898137,
              39.652423112086176
            ],
            [
              -104.90595359931189,
              39.65250206502573
            ],
            [
              -104.9053363074309,
              39.65264309143291
            ],
            [
              -104.90470099841437,
              39.65283996810265
            ],
            [
              -104.90406524733828,
              39.653086471829866
            ],
            [
              -104.9034466292785,
              39.653376379409494
            ],
            [
              -104.90286271931109,
              39.65370346763647
            ],
            [
              -104.90233109251193,
              39.65406151330571
            ],
            [
              -104.90186932395703,
              39.65444429321215
            ],
            [
              -104.90149498872229,
              39.65484558415072
            ],
            [
              -104.90122566188371,
              39.65525916291636
            ],
            [
              -104.90106522012594,
              39.655670852780496
            ],
            [
              -104.90096375033986,
              39.65614003695917
            ],
            [
              -104.9009184306879,
              39.65665147979759
            ],
            [
              -104.90092643933264,
              39.657189945641015
            ],
            [
              -104.90098495443655,
              39.657740198834674
            ],
            [
              -104.90109115416215,
              39.65828700372379
            ],
            [
              -104.90124221667187,
              39.65881512465362
            ],
            [
              -104.90143532012829,
              39.65930932596939
            ],
            [
              -104.90166764269387,
              39.65975437201632
            ],
            [
              -104.90193636253107,
              39.66013502713966
            ],
            [
              -104.90233882045551,
              39.66047296285892
            ],
            [
              -104.9028743612229,
              39.66072159805827
            ],
            [
              -104.90350971462823,
              39.66090325763214
            ],
            [
              -104.90421161046655,
              39.661040266475
            ],
            [
              -104.90494677853283,
              39.66115494948127
            ],
            [
              -104.90568194862215,
              39.66126963154545
            ],
            [
              -104.90638385052945,
              39.66140663756197
            ],
            [
              -104.90701921404975,
              39.66158829242527
            ],
            [
              -104.90755476897809,
              39.66183692102983
            ],
            [
              -104.9079572451095,
              39.66217484827009
            ],
            [
              -104.90818306525017,
              39.66255858638392
            ],
            [
              -104.90830574115847,
              39.66301153826616
            ],
            [
              -104.90835105920607,
              39.66351640001491
            ],
            [
              -104.90834480576483,
              39.66405586772823
            ],
            [
              -104.90831276720643,
              39.664612637504234
            ],
            [
              -104.90828072990266,
              39.66516940544098
            ],
            [
              -104.90827448022526,
              39.66570886763656
            ],
            [
              -104.90831980454598,
              39.66621372018907
            ],
            [
              -104.90844248923658,
              39.666666659196586
            ],
            [
              -104.9086683206688,
              39.66705038075718
            ],
            [
              -104.90904845046325,
              39.667427634459834
            ],
            [
              -104.90952686051817,
              39.66777677456923
            ],
            [
              -104.91008519726849,
              39.66809390071518
            ],
            [
              -104.91070510714897,
              39.66837511252744
            ],
            [
              -104.91136823659438,
              39.66861650963584
            ],
            [
              -104.91205623203962,
              39.66881419167014
            ],
            [
              -104.91275073991947,
              39.66896425826014
            ],
            [
              -104.91343340666876,
              39.669062809035644
            ],
            [
              -104.91408587872226,
              39.66910594362642
            ],
            [
              -104.91468980251489,
              39.66908976166226
            ],
            [
              -104.91527156818789,
              39.66901077890927
            ],
            [
              -104.91588893294326,
              39.66886972445684
            ],
            [
              -104.91652431736546,
              39.668672821524524
            ],
            [
              -104.91716014203908,
              39.6684262933319
            ],
            [
              -104.91777882754869,
              39.66813636309851
            ],
            [
              -104.91836279447874,
              39.667809254043924
            ],
            [
              -104.91889446341379,
              39.667451189387705
            ],
            [
              -104.91935625493844,
              39.66706839234942
            ],
            [
              -104.91973058963711,
              39.66666708614861
            ],
            [
              -104.91999988809441,
              39.66625349400485
            ]
          ],
          [
            [
              -104.92076706952079,
              39.749900142801124
            ],
            [
              -104.92038665021008,
              39.74952296816454
            ],
            [
              -104.91990786679669,
              39.749173970702486
            ],
            [
              -104.91934908737838,
              39.748857032931525
            ],
            [
              -104.91872868005282,
              39.74857603736818
            ],
            [
              -104.91806501291771,
              39.74833486652899
            ],
            [
              -104.91737645407079,
              39.74813740293051
            ],
            [
              -104.91668137160968,
              39.74798752908926
            ],
            [
              -104.91599813363223,
              39.74788912752178
            ],
            [
              -104.91534510823604,
              39.74784608074462
            ],
            [
              -104.91474066351884,
              39.747862271274315
            ],
            [
              -104.91415844341996,
              39.74794115695406
            ],
            [
              -104.91354056999148,
              39.74808201741619
            ],
            [
              -104.91290464473975,
              39.74827865087468
            ],
            [
              -104.91226826917116,
              39.74852485554358
            ],
            [
              -104.91164904479214,
              39.74881442963689
            ],
            [
              -104.91106457310913,
              39.74914117136865
            ],
            [
              -104.9105324556285,
              39.74949887895286
            ],
            [
              -104.91007029385668,
              39.74988135060357
            ],
            [
              -104.90969568930007,
              39.75028238453478
            ],
            [
              -104.90942624346508,
              39.7506957789605
            ],
            [
              -104.90926590987043,
              39.75110706484771
            ],
            [
              -104.9091645657879,
              39.75157580897285
            ],
            [
              -104.90911938262846,
              39.75208678640219
            ],
            [
              -104.90912753180294,
              39.75262477220194
            ],
            [
              -104.9091861847223,
              39.75317454143837
            ],
            [
              -104.90929251279745,
              39.75372086917772
            ],
            [
              -104.90944368743929,
              39.75424853048623
            ],
            [
              -104.90963688005874,
              39.754742300430145
            ],
            [
              -104.90986926206669,
              39.755186954075704
            ],
            [
              -104.91013800487407,
              39.75556726648917
            ],
            [
              -104.91051841349463,
              39.75594445954935
            ],
            [
              -104.91099720471878,
              39.75629347491037
            ],
            [
              -104.91155600707907,
              39.75661042968282
            ],
            [
              -104.91217644910816,
              39.756891440977306
            ],
            [
              -104.91284015933857,
              39.75713262590439
            ],
            [
              -104.91352876630299,
              39.75733010157467
            ],
            [
              -104.91422389853398,
              39.75747998509871
            ],
            [
              -104.91490718456414,
              39.75757839358713
            ],
            [
              -104.91556025292613,
              39.7576214441505
            ],
            [
              -104.91616473215247,
              39.7576052538994
            ],
            [
              -104.91674698083278,
              39.757526365028056
            ],
            [
              -104.91736488841204,
              39.7573854979667
            ],
            [
              -104.91800085078455,
              39.75718885514232
            ],
            [
              -104.91863726384469,
              39.756942638981954
            ],
            [
              -104.91925652348675,
              39.75665305191261
            ],
            [
              -104.9198410256052,
              39.7563262963613
            ],
            [
              -104.9203731660943,
              39.75596857475505
            ],
            [
              -104.92083534084846,
              39.75558608952089
            ],
            [
              -104.921209945762,
              39.7551850430858
            ],
            [
              -104.92147937672932,
              39.75477163787684
            ],
            [
              -104.92163967868902,
              39.75436034793764
            ],
            [
              -104.9217409769071,
              39.75389160027947
            ],
            [
              -104.92178610339663,
              39.75338061991627
            ],
            [
              -104.92177789017067,
              39.75284263186194
            ],
            [
              -104.92171916924228,
              39.752292861130385
            ],
            [
              -104.92161277262453,
              39.751746532735524
            ],
            [
              -104.92146153233043,
              39.75121887169125
            ],
            [
              -104.92126828037306,
              39.750725103011476
            ],
            [
              -104.9210358487655,
              39.75028045171013
            ],
            [
              -104.92076706952079,
              39.749900142801124
            ]
          ],
          [
            [
              -104.89700010615385,
              39.704802878551966
            ],
            [
              -104.89716054113237,
              39.70439141073504
            ],
            [
              -104.89726199516298,
              39.70392245689344
            ],
            [
              -104.89730729343279,
              39.703411247930134
            ],
            [
              -104.89729926112895,
              39.70287301474812
            ],
            [
              -104.8972407234385,
              39.70232298825037
            ],
            [
              -104.89713450554851,
              39.70177639933988
            ],
            [
              -104.89698343264612,
              39.70124847891963
            ],
            [
              -104.89679032991839,
              39.700754457892586
            ],
            [
              -104.89655802255241,
              39.700309567161746
            ],
            [
              -104.89628933573523,
              39.699929037630085
            ],
            [
              -104.89590917318229,
              39.699551761398034
            ],
            [
              -104.89543070111942,
              39.69920260484813
            ],
            [
              -104.89487227612443,
              39.69888546407456
            ],
            [
              -104.89425225477518,
              39.698604235171445
            ],
            [
              -104.89358899364956,
              39.69836281423298
            ],
            [
              -104.89290084932534,
              39.69816509735331
            ],
            [
              -104.89220617838049,
              39.69801498062658
            ],
            [
              -104.8915233373928,
              39.69791636014697
            ],
            [
              -104.89087068294012,
              39.69787313200864
            ],
            [
              -104.89026657160034,
              39.69788919230572
            ],
            [
              -104.8896846236121,
              39.697968009660144
            ],
            [
              -104.88906704412462,
              39.698108847087575
            ],
            [
              -104.88843142133118,
              39.69830549460998
            ],
            [
              -104.8877953434251,
              39.69855174224928
            ],
            [
              -104.88717639859962,
              39.69884138002743
            ],
            [
              -104.8865921750481,
              39.69916819796639
            ],
            [
              -104.8860602609638,
              39.69952598608808
            ],
            [
              -104.88559824453998,
              39.69990853441445
            ],
            [
              -104.88522371396998,
              39.70030963296747
            ],
            [
              -104.88495425744708,
              39.700723071769055
            ],
            [
              -104.88479379087605,
              39.70113453551316
            ],
            [
              -104.88469229102853,
              39.70160348579087
            ],
            [
              -104.8846469361395,
              39.70211469178203
            ],
            [
              -104.88465490444409,
              39.7026529226665
            ],
            [
              -104.88471337417725,
              39.70320294762415
            ],
            [
              -104.88481952357411,
              39.7037495358348
            ],
            [
              -104.88497053086965,
              39.704277456478316
            ],
            [
              -104.885163574299,
              39.70477147873457
            ],
            [
              -104.88539583209707,
              39.70521637178338
            ],
            [
              -104.88566448249907,
              39.70559690480463
            ],
            [
              -104.8860446343526,
              39.705974199444874
            ],
            [
              -104.88652311417901,
              39.706323373894364
            ],
            [
              -104.88708156203889,
              39.706640531683604
            ],
            [
              -104.88770161799283,
              39.70692177634308
            ],
            [
              -104.88836492210149,
              39.70716321140334
            ],
            [
              -104.88905311442545,
              39.707360940394864
            ],
            [
              -104.88974783502539,
              39.70751106684818
            ],
            [
              -104.89043072396186,
              39.70760969429377
            ],
            [
              -104.89108342129548,
              39.70765292626217
            ],
            [
              -104.8916875670869,
              39.70763686628389
            ],
            [
              -104.89226954366636,
              39.707558045768515
            ],
            [
              -104.89288715732307,
              39.70741720176845
            ],
            [
              -104.89352281726359,
              39.70722054490229
            ],
            [
              -104.89415893269464,
              39.70697428578865
            ],
            [
              -104.89477791282287,
              39.706684635046145
            ],
            [
              -104.89536216685488,
              39.706357803293386
            ],
            [
              -104.89589410399735,
              39.70600000114898
            ],
            [
              -104.89635613345688,
              39.705617439231524
            ],
            [
              -104.89673066444018,
              39.70521632815966
            ],
            [
              -104.89700010615385,
              39.704802878551966
            ]
          ],
          [
            [
              -104.89449505281189,
              39.648342705992526
            ],
            [
              -104.89507670605705,
              39.648263803107405
            ],
            [
              -104.89569395445,
              39.64812281298415
            ],
            [
              -104.8963292238119,
              39.64792596072369
            ],
            [
              -104.89696493996405,
              39.64767947142695
            ],
            [
              -104.8975835287277,
              39.64738957019487
            ],
            [
              -104.89816741592415,
              39.64706248212839
            ],
            [
              -104.89869902737462,
              39.646704432328434
            ],
            [
              -104.89916078890035,
              39.646321645895945
            ],
            [
              -104.89953512632265,
              39.64592034793186
            ],
            [
              -104.89980446546274,
              39.645506763537114
            ],
            [
              -104.8999649375922,
              39.64509503185854
            ],
            [
              -104.90006643437003,
              39.644625795480636
            ],
            [
              -104.9001117780773,
              39.64411429184686
            ],
            [
              -104.90010379099522,
              39.64357575840069
            ],
            [
              -104.90004529540487,
              39.64302543258553
            ],
            [
              -104.89993911358745,
              39.64247855184486
            ],
            [
              -104.89978806782408,
              39.641950353622136
            ],
            [
              -104.89959498039593,
              39.64145607536082
            ],
            [
              -104.89936267358414,
              39.641010954504345
            ],
            [
              -104.89909396966986,
              39.640630228496185
            ],
            [
              -104.89871397776176,
              39.64025292272619
            ],
            [
              -104.8982357453129,
              39.639903697199564
            ],
            [
              -104.89767761715399,
              39.63958645909994
            ],
            [
              -104.89705793811568,
              39.639305115610945
            ],
            [
              -104.8963950530286,
              39.63906357391622
            ],
            [
              -104.89570730672345,
              39.638865741199396
            ],
            [
              -104.89501304403088,
              39.638715524644084
            ],
            [
              -104.89433060978155,
              39.63861683143394
            ],
            [
              -104.8936783488061,
              39.63857356875259
            ],
            [
              -104.89307460593523,
              39.63858964378366
            ],
            [
              -104.89249298124247,
              39.6386685435052
            ],
            [
              -104.89187576696875,
              39.63880952705064
            ],
            [
              -104.89124053469737,
              39.63900636996012
            ],
            [
              -104.89060485601178,
              39.639252847773754
            ],
            [
              -104.88998630249529,
              39.63954273603168
            ],
            [
              -104.88940244573135,
              39.639869810274014
            ],
            [
              -104.8888708573033,
              39.6402278460409
            ],
            [
              -104.88840910879455,
              39.64061061887247
            ],
            [
              -104.88803477178841,
              39.64101190430884
            ],
            [
              -104.88776541786832,
              39.641425477890145
            ],
            [
              -104.88760491418398,
              39.64183720549167
            ],
            [
              -104.88750337164113,
              39.6423064383019
            ],
            [
              -104.88745797137764,
              39.64281793896035
            ],
            [
              -104.88746589453137,
              39.6433564701065
            ],
            [
              -104.88752432224024,
              39.64390679437987
            ],
            [
              -104.88763043564202,
              39.64445367441996
            ],
            [
              -104.88778141587466,
              39.64498187286625
            ],
            [
              -104.88797444407598,
              39.645476152358256
            ],
            [
              -104.88820670138388,
              39.64592127553549
            ],
            [
              -104.88847536893618,
              39.64630200503742
            ],
            [
              -104.88885535018402,
              39.646679329211906
            ],
            [
              -104.88933359040627,
              39.647028572641496
            ],
            [
              -104.88989174141582,
              39.64734582776564
            ],
            [
              -104.89051145502557,
              39.64762718702373
            ],
            [
              -104.89117438304848,
              39.647868742855195
            ],
            [
              -104.89186217729741,
              39.64806658769943
            ],
            [
              -104.89255648958535,
              39.64821681399587
            ],
            [
              -104.89323897172511,
              39.64831551418392
            ],
            [
              -104.89389127552965,
              39.648358780703
            ],
            [
              -104.89449505281189,
              39.648342705992526
            ]
          ]
        ]
      },
      "properties": {}
    },
    {
      "type": "Feature",
      "geometry": {
        "type": "Polygon",
        "coordinates": [
          [
            [
              -104.98707684130092,
              39.77229472773313
            ],
            [
              -104.98768149834754,
              39.77227815240228
            ],
            [
              -104.98833479135604,
              39.77232076800145
            ],
            [
              -104.98901834303032,
              39.77241870812249
            ],
            [
              -104.98971377607435,
              39.77256810635725
            ],
            [
              -104.99040271319207,
              39.77276509629758
            ],
            [
              -104.9910667770874,
              39.77300581153534
            ],
            [
              -104.9916875904643,
              39.77328638566239
            ],
            [
              -104.99224677602663,
              39.77360295227054
            ],
            [
              -104.99272595647844,
              39.77395164495169
            ],
            [
              -104.99310675452361,
              39.77432859729766
            ],
            [
              -104.99333685120162,
              39.774698597168445
            ],
            [
              -104.99347003670428,
              39.77511727496395
            ],
            [
              -104.99352944461461,
              39.77557612803195
            ],
            [
              -104.99353820851582,
              39.77606665372025
            ],
            [
              -104.99351946199091,
              39.77658034937662
            ],
            [
              -104.99349633862312,
              39.77710871234888
            ],
            [
              -104.9934919719955,
              39.77764323998477
            ],
            [
              -104.99352949569119,
              39.77817542963212
            ],
            [
              -104.99363204329325,
              39.7786967786387
            ],
            [
              -104.99382274838489,
              39.779198784352296
            ],
            [
              -104.99422261352333,
              39.77990702364101
            ],
            [
              -104.99473115939043,
              39.78065090970083
            ],
            [
              -104.99533053263588,
              39.78141558237439
            ],
            [
              -104.99600287990924,
              39.782186181504244
            ],
            [
              -104.9967303478603,
              39.782947846932984
            ],
            [
              -104.9974950831386,
              39.78368571850321
            ],
            [
              -104.99827923239383,
              39.78438493605749
            ],
            [
              -104.99906494227571,
              39.785030639438425
            ],
            [
              -104.99983435943379,
              39.78560796848859
            ],
            [
              -105.00056963051777,
              39.78610206305059
            ],
            [
              -105.00117766103111,
              39.78641825491204
            ],
            [
              -105.00183296688206,
              39.786653910885526
            ],
            [
              -105.00251740986671,
              39.786829824130805
            ],
            [
              -105.00321285178109,
              39.78696678780766
            ],
            [
              -105.00390115442133,
              39.787085595075865
            ],
            [
              -105.00456417958347,
              39.7872070390952
            ],
            [
              -105.00518378906364,
              39.78735191302546
            ],
            [
              -105.00574184465782,
              39.78754101002638
            ],
            [
              -105.00622020816212,
              39.78779512325777
            ],
            [
              -105.00660074137265,
              39.7881350458794
            ],
            [
              -105.00686985847912,
              39.78851504877508
            ],
            [
              -105.00710269463214,
              39.788959403631914
            ],
            [
              -105.00729640164998,
              39.789452890869505
            ],
            [
              -105.00744813135093,
              39.78998029090743
            ],
            [
              -105.00755503555322,
              39.790526384165275
            ],
            [
              -105.0076142660751,
              39.791075951062616
            ],
            [
              -105.00762297473487,
              39.79161377201907
            ],
            [
              -105.0075783133507,
              39.79212462745419
            ],
            [
              -105.00747743374097,
              39.792593297787576
            ],
            [
              -105.00731748772384,
              39.793004563438814
            ],
            [
              -105.00705700964866,
              39.79340527818135
            ],
            [
              -105.00670480808097,
              39.79377372114507
            ],
            [
              -105.00627269491723,
              39.79411223908759
            ],
            [
              -105.00577248205386,
              39.79442317876656
            ],
            [
              -105.00521598138727,
              39.794708886939574
            ],
            [
              -105.00461500481396,
              39.7949717103643
            ],
            [
              -105.00398136423033,
              39.79521399579834
            ],
            [
              -105.00332687153286,
              39.79543808999936
            ],
            [
              -105.00266333861795,
              39.79564633972494
            ],
            [
              -105.00200257738206,
              39.795841091732754
            ],
            [
              -105.00105747910405,
              39.79606647229065
            ],
            [
              -105.00003281141349,
              39.79623095913494
            ],
            [
              -104.99894261590703,
              39.79634529623655
            ],
            [
              -104.9978009341813,
              39.79642022756638
            ],
            [
              -104.99662180783295,
              39.79646649709535
            ],
            [
              -104.99541927845854,
              39.79649484879436
            ],
            [
              -104.99420738765478,
              39.796516026634336
            ],
            [
              -104.9930001770182,
              39.79654077458614
            ],
            [
              -104.99181168814553,
              39.796579836620744
            ],
            [
              -104.9906559626333,
              39.79664395670901
            ],
            [
              -104.98950439401659,
              39.7967423056537
            ],
            [
              -104.98832652153774,
              39.796868836917675
            ],
            [
              -104.98713361812409,
              39.797011467559074
            ],
            [
              -104.98593695670303,
              39.79715811463606
            ],
            [
              -104.98474781020188,
              39.797296695206796
            ],
            [
              -104.98357745154803,
              39.79741512632944
            ],
            [
              -104.98243715366881,
              39.797501325062136
            ],
            [
              -104.98133818949162,
              39.79754320846305
            ],
            [
              -104.98029183194379,
              39.79752869359034
            ],
            [
              -104.9793093539527,
              39.79744569750215
            ],
            [
              -104.97859612658372,
              39.79735035016561
            ],
            [
              -104.97787977412466,
              39.79724277765079
            ],
            [
              -104.9771706467492,
              39.79711855821478
            ],
            [
              -104.97647909463112,
              39.79697327011467
            ],
            [
              -104.97581546794414,
              39.79680249160758
            ],
            [
              -104.97519011686198,
              39.79660180095058
            ],
            [
              -104.97461339155836,
              39.796366776400774
            ],
            [
              -104.97409564220702,
              39.79609299621527
            ],
            [
              -104.97364721898168,
              39.79577603865116
            ],
            [
              -104.9732784720561,
              39.79541148196554
            ],
            [
              -104.97301728196265,
              39.79504449518569
            ],
            [
              -104.97280453326687,
              39.794633482848354
            ],
            [
              -104.97263786704721,
              39.794184957621184
            ],
            [
              -104.97251492438215,
              39.793705432171805
            ],
            [
              -104.97243334635024,
              39.79320141916787
            ],
            [
              -104.97239077402993,
              39.79267943127704
            ],
            [
              -104.97238484849976,
              39.79214598116696
            ],
            [
              -104.97241321083821,
              39.791607581505275
            ],
            [
              -104.97247350212373,
              39.79107074495962
            ],
            [
              -104.97256336343486,
              39.79054198419765
            ],
            [
              -104.97276436160345,
              39.78982405415441
            ],
            [
              -104.97307408111911,
              39.789084058103505
            ],
            [
              -104.97347333453686,
              39.78832588890013
            ],
            [
              -104.97394293441162,
              39.78755343939944
            ],
            [
              -104.97446369329839,
              39.78677060245664
            ],
            [
              -104.97501642375215,
              39.7859812709269
            ],
            [
              -104.97558193832779,
              39.78518933766536
            ],
            [
              -104.97614104958038,
              39.784398695527265
            ],
            [
              -104.97667457006473,
              39.78361323736773
            ],
            [
              -104.97716331233597,
              39.78283685604198
            ],
            [
              -104.97761393580745,
              39.78204529403243
            ],
            [
              -104.97805002446148,
              39.7812210609953
            ],
            [
              -104.97847780428768,
              39.780378156015864
            ],
            [
              -104.97890350127561,
              39.77953057817944
            ],
            [
              -104.97933334141489,
              39.7786923265713
            ],
            [
              -104.97977355069509,
              39.777877400276765
            ],
            [
              -104.98023035510585,
              39.777099798381116
            ],
            [
              -104.98070998063673,
              39.776373519969646
            ],
            [
              -104.98121865327732,
              39.77571256412766
            ],
            [
              -104.98176259901724,
              39.775130929940445
            ],
            [
              -104.98223517429918,
              39.77469910253464
            ],
            [
              -104.9827276088293,
              39.77428727297896
            ],
            [
              -104.98323735946838,
              39.77390029267839
            ],
            [
              -104.98376188307726,
              39.77354301303786
            ],
            [
              -104.98429863651674,
              39.773220285462344
            ],
            [
              -104.98484507664759,
              39.77293696135678
            ],
            [
              -104.9853986603306,
              39.772697892126104
            ],
            [
              -104.98595684442665,
              39.77250792917531
            ],
            [
              -104.98651708579649,
              39.77237192390934
            ],
            [
              -104.98707684130092,
              39.77229472773313
            ]
          ]
        ]
      },
      "properties": {}
    },
    {
      "type": "Feature",
      "geometry": {
        "type": "Polygon",
        "coordinates": [
          [
            [
              -104.76270162012385,
              39.76580824605645
            ],
            [
              -104.76337990632885,
              39.76591850060904
            ],
            [
              -104.76400792506384,
              39.76606209208862
            ],
            [
              -104.7645981949507,
              39.766234374869214
            ],
            [
              -104.76516323461145,
              39.76643070332487
            ],
            [
              -104.76571556266805,
              39.76664643182961
            ],
            [
              -104.76626769774239,
              39.766876914757425
            ],
            [
              -104.7668321584565,
              39.767117506482364
            ],
            [
              -104.76742146343237,
              39.767363561378446
            ],
            [
              -104.76804813129189,
              39.76761043381969
            ],
            [
              -104.76872468065706,
              39.767853478180115
            ],
            [
              -104.76978053640275,
              39.768211946462245
            ],
            [
              -104.77093561093798,
              39.7686040847119
            ],
            [
              -104.7721651009817,
              39.769021473228754
            ],
            [
              -104.77344420325284,
              39.769455692312455
            ],
            [
              -104.77474811447041,
              39.76989832226266
            ],
            [
              -104.77605203135343,
              39.770340943379054
            ],
            [
              -104.7773311506208,
              39.770775135961294
            ],
            [
              -104.77856066899155,
              39.771192480309026
            ],
            [
              -104.77971578318463,
              39.77158455672192
            ],
            [
              -104.78077168991904,
              39.77194294549965
            ],
            [
              -104.78148278909185,
              39.77215907776599
            ],
            [
              -104.78219764457205,
              39.772337254690704
            ],
            [
              -104.78290578905086,
              39.772490733796964
            ],
            [
              -104.78359675521946,
              39.77263277260792
            ],
            [
              -104.78426007576911,
              39.77277662864674
            ],
            [
              -104.78488528339098,
              39.77293555943659
            ],
            [
              -104.78546191077629,
              39.77312282250062
            ],
            [
              -104.78597949061628,
              39.773351675361965
            ],
            [
              -104.78642755560217,
              39.77363537554383
            ],
            [
              -104.78679563842513,
              39.77398718056936
            ],
            [
              -104.78705610493903,
              39.7743546065191
            ],
            [
              -104.7872680529644,
              39.77476597977334
            ],
            [
              -104.78743385437372,
              39.775214790605574
            ],
            [
              -104.78755588103942,
              39.77569452928923
            ],
            [
              -104.78763650483398,
              39.7761986860978
            ],
            [
              -104.78767809762982,
              39.77672075130474
            ],
            [
              -104.78768303129948,
              39.777254215183504
            ],
            [
              -104.78765367771531,
              39.77779256800757
            ],
            [
              -104.78759240874986,
              39.7783293000504
            ],
            [
              -104.78750159627553,
              39.77885790158544
            ],
            [
              -104.78729934260795,
              39.77957546693154
            ],
            [
              -104.78698837057729,
              39.780314915707535
            ],
            [
              -104.78658786445217,
              39.78107238498094
            ],
            [
              -104.78611700850132,
              39.7818440118192
            ],
            [
              -104.78559498699349,
              39.78262593328983
            ],
            [
              -104.78504098419725,
              39.78341428646027
            ],
            [
              -104.78447418438137,
              39.78420520839803
            ],
            [
              -104.78391377181454,
              39.784994836170576
            ],
            [
              -104.78337893076538,
              39.78577930684539
            ],
            [
              -104.78288884550267,
              39.78655475748995
            ],
            [
              -104.78242753804997,
              39.7873243923451
            ],
            [
              -104.78196622309152,
              39.78809402068151
            ],
            [
              -104.78150490062671,
              39.78886364249831
            ],
            [
              -104.78104357065519,
              39.789633257794634
            ],
            [
              -104.78058223317646,
              39.79040286656957
            ],
            [
              -104.78012088819,
              39.79117246882225
            ],
            [
              -104.77965953569534,
              39.79194206455179
            ],
            [
              -104.77919817569207,
              39.79271165375731
            ],
            [
              -104.77873680817969,
              39.79348123643792
            ],
            [
              -104.77827543315773,
              39.79425081259275
            ],
            [
              -104.77782335064683,
              39.79504137494176
            ],
            [
              -104.7773857134532,
              39.795864609247054
            ],
            [
              -104.77695632750886,
              39.796706510445894
            ],
            [
              -104.77652899874568,
              39.79755307347553
            ],
            [
              -104.7760975330956,
              39.79839029327316
            ],
            [
              -104.77565573649048,
              39.79920416477605
            ],
            [
              -104.77519741486228,
              39.799980682921436
            ],
            [
              -104.77471637414291,
              39.80070584264655
            ],
            [
              -104.77420642026425,
              39.80136563888864
            ],
            [
              -104.77366135915825,
              39.80194606658494
            ],
            [
              -104.77319665046149,
              39.802364081103434
            ],
            [
              -104.77272568999143,
              39.802742122713475
            ],
            [
              -104.77224521449071,
              39.80308388921236
            ],
            [
              -104.77175196070226,
              39.80339307839744
            ],
            [
              -104.77124266536879,
              39.803673388066
            ],
            [
              -104.770714065233,
              39.803928516015375
            ],
            [
              -104.77016289703779,
              39.804162160042885
            ],
            [
              -104.76958589752589,
              39.80437801794585
            ],
            [
              -104.76897980344002,
              39.80457978752158
            ],
            [
              -104.768341351523,
              39.804771166567384
            ],
            [
              -104.7673790540818,
              39.805012664522685
            ],
            [
              -104.7663109862934,
              39.80522126728979
            ],
            [
              -104.76516245772511,
              39.805395684323955
            ],
            [
              -104.76395877794418,
              39.80553462508044
            ],
            [
              -104.76272525651797,
              39.80563679901449
            ],
            [
              -104.76148720301367,
              39.80570091558138
            ],
            [
              -104.76026992699865,
              39.80572568423634
            ],
            [
              -104.75909873804014,
              39.80570981443466
            ],
            [
              -104.75799894570548,
              39.80565201563155
            ],
            [
              -104.75699585956191,
              39.8055509972823
            ],
            [
              -104.75631735466101,
              39.80544074106294
            ],
            [
              -104.755689129733,
              39.805297158943986
            ],
            [
              -104.75509866405358,
              39.80512489232387
            ],
            [
              -104.75453343689843,
              39.804928582600965
            ],
            [
              -104.75398092754327,
              39.80471287117368
            ],
            [
              -104.75342861526379,
              39.804482399440424
            ],
            [
              -104.75286397933574,
              39.8042418087996
            ],
            [
              -104.75227449903477,
              39.803995740649626
            ],
            [
              -104.7516476536366,
              39.80374883638887
            ],
            [
              -104.75097092241694,
              39.80350573741577
            ],
            [
              -104.74991484252935,
              39.80314716899034
            ],
            [
              -104.74875953893203,
              39.80275489604196
            ],
            [
              -104.74752981897201,
              39.802337342491555
            ],
            [
              -104.74625048999646,
              39.80190293226006
            ],
            [
              -104.74494635935241,
              39.80146008926843
            ],
            [
              -104.74364223438704,
              39.8010172374376
            ],
            [
              -104.74236292244734,
              39.800582800688495
            ],
            [
              -104.7411332308805,
              39.80016520294206
            ],
            [
              -104.73997796703355,
              39.799772868119234
            ],
            [
              -104.73892193825367,
              39.79941422014096
            ],
            [
              -104.73821078385087,
              39.7991979016756
            ],
            [
              -104.73749586144811,
              39.79901951631933
            ],
            [
              -104.7367876465222,
              39.798865813550975
            ],
            [
              -104.73609661455018,
              39.79872354284942
            ],
            [
              -104.73543324100893,
              39.79857945369353
            ],
            [
              -104.73480800137544,
              39.798420295562146
            ],
            [
              -104.73423137112664,
              39.79823281793415
            ],
            [
              -104.7337138257395,
              39.79800377028838
            ],
            [
              -104.73326584069093,
              39.79771990210374
            ],
            [
              -104.73289789145788,
              39.79736796285905
            ],
            [
              -104.73262986164809,
              39.796987435783755
            ],
            [
              -104.7323982902335,
              39.796542654722835
            ],
            [
              -104.73220597923743,
              39.796048842184746
            ],
            [
              -104.73205573068334,
              39.79552122067803
            ],
            [
              -104.73195034659447,
              39.79497501271116
            ],
            [
              -104.73189262899436,
              39.79442544079267
            ],
            [
              -104.73188537990623,
              39.79388772743101
            ],
            [
              -104.73193140135359,
              39.79337709513472
            ],
            [
              -104.73203349535969,
              39.792908766412275
            ],
            [
              -104.732194463948,
              39.79249796377219
            ],
            [
              -104.73245588596528,
              39.79209793299996
            ],
            [
              -104.73280890060812,
              39.7917303838582
            ],
            [
              -104.73324170940973,
              39.7913929403704
            ],
            [
              -104.73374251390347,
              39.79108322655997
            ],
            [
              -104.7342995156226,
              39.79079886645036
            ],
            [
              -104.73490091610049,
              39.79053748406504
            ],
            [
              -104.73553491687036,
              39.79029670342742
            ],
            [
              -104.73618971946556,
              39.79007414856098
            ],
            [
              -104.73685352541936,
              39.78986744348914
            ],
            [
              -104.73751453626512,
              39.78967421223537
            ],
            [
              -104.738459780332,
              39.78945099810517
            ],
            [
              -104.73948440413453,
              39.78928882448695
            ],
            [
              -104.74057439943849,
              39.7891769175488
            ],
            [
              -104.74171575800972,
              39.789104503458745
            ],
            [
              -104.74289447161392,
              39.789060808384846
            ],
            [
              -104.74409653201695,
              39.78903505849515
            ],
            [
              -104.74530793098452,
              39.789016479957716
            ],
            [
              -104.74651466028251,
              39.78899429894058
            ],
            [
              -104.74770271167665,
              39.78895774161181
            ],
            [
              -104.74885807693272,
              39.78889603413945
            ],
            [
              -104.75005982955258,
              39.788854107809115
            ],
            [
              -104.75136641840825,
              39.78886809785182
            ],
            [
              -104.7527329135737,
              39.78891403530663
            ],
            [
              -104.75411438512296,
              39.78896795121263
            ],
            [
              -104.75546590312996,
              39.789005876608854
            ],
            [
              -104.75674253766869,
              39.789003842534356
            ],
            [
              -104.7578993588132,
              39.788937880028236
            ],
            [
              -104.75889143663741,
              39.78878402012951
            ],
            [
              -104.75967384121535,
              39.78851829387726
            ],
            [
              -104.76020164262096,
              39.78811673231054
            ],
            [
              -104.76041303595495,
              39.78775682699189
            ],
            [
              -104.76054432904718,
              39.78731800745581
            ],
            [
              -104.76060207093533,
              39.78681927230618
            ],
            [
              -104.76059281065704,
              39.78627962014688
            ],
            [
              -104.76052309724997,
              39.785718049581774
            ],
            [
              -104.76039947975181,
              39.78515355921473
            ],
            [
              -104.76022850720022,
              39.784605147649614
            ],
            [
              -104.76001672863288,
              39.784091813490306
            ],
            [
              -104.75977069308736,
              39.78363255534068
            ],
            [
              -104.75949694960143,
              39.78324637180458
            ],
            [
              -104.75912912494834,
              39.782881212988016
            ],
            [
              -104.75868157022614,
              39.782563479189655
            ],
            [
              -104.7581646387909,
              39.782288770378344
            ],
            [
              -104.75758868399885,
              39.782052686522945
            ],
            [
              -104.75696405920604,
              39.781850827592315
            ],
            [
              -104.75630111776869,
              39.78167879355531
            ],
            [
              -104.75561021304286,
              39.78153218438077
            ],
            [
              -104.75490169838477,
              39.78140660003758
            ],
            [
              -104.75418592715049,
              39.781297640494564
            ],
            [
              -104.7534732526962,
              39.78120090572061
            ],
            [
              -104.75247041250357,
              39.78109982647783
            ],
            [
              -104.75137089768947,
              39.7810419517788
            ],
            [
              -104.75020000847745,
              39.781025992809475
            ],
            [
              -104.74898304509105,
              39.78105066075578
            ],
            [
              -104.74774530775379,
              39.78111466680363
            ],
            [
              -104.7465120966892,
              39.781216722138986
            ],
            [
              -104.74530871212082,
              39.78135553794775
            ],
            [
              -104.7441604542722,
              39.781529825415866
            ],
            [
              -104.7430926233669,
              39.78173829572928
            ],
            [
              -104.74213051962842,
              39.7819796600739
            ],
            [
              -104.74150078565788,
              39.78220643137474
            ],
            [
              -104.74091683723681,
              39.78249878192355
            ],
            [
              -104.74036965275894,
              39.78283675698425
            ],
            [
              -104.73985021061804,
              39.78320040182073
            ],
            [
              -104.73934948920788,
              39.78356976169689
            ],
            [
              -104.73885846692215,
              39.783924881876644
            ],
            [
              -104.73836812215463,
              39.784245807623876
            ],
            [
              -104.73786943329902,
              39.7845125842025
            ],
            [
              -104.7373533787491,
              39.78470525687642
            ],
            [
              -104.7368109368986,
              39.78480387090953
            ],
            [
              -104.73620644113898,
              39.7848191073665
            ],
            [
              -104.73555345427215,
              39.784775063192704
            ],
            [
              -104.73487034240335,
              39.78467564408649
            ],
            [
              -104.73417547163783,
              39.78452475574626
            ],
            [
              -104.73348720808073,
              39.7843263038704
            ],
            [
              -104.73282391783737,
              39.78408419415727
            ],
            [
              -104.73220396701286,
              39.78380233230524
            ],
            [
              -104.73164572171251,
              39.78348462401273
            ],
            [
              -104.73116754804147,
              39.7831349749781
            ],
            [
              -104.73078781210499,
              39.7827572908997
            ],
            [
              -104.73052755781278,
              39.782389783967936
            ],
            [
              -104.73031585271814,
              39.78197835384592
            ],
            [
              -104.73015031852677,
              39.78152950836042
            ],
            [
              -104.73002857694425,
              39.78104975533811
            ],
            [
              -104.72994824967631,
              39.780545602605734
            ],
            [
              -104.72990695842857,
              39.78002355799002
            ],
            [
              -104.72990232490669,
              39.77949012931768
            ],
            [
              -104.72993197081632,
              39.77895182441542
            ],
            [
              -104.72999351786308,
              39.77841515110999
            ],
            [
              -104.73008458775271,
              39.7778866172281
            ],
            [
              -104.73027789596989,
              39.77714812353465
            ],
            [
              -104.73056548035818,
              39.776355104760526
            ],
            [
              -104.7309343446473,
              39.775525422959575
            ],
            [
              -104.73137149256704,
              39.77467694018563
            ],
            [
              -104.73186392784714,
              39.773827518492524
            ],
            [
              -104.73239865421738,
              39.7729950199341
            ],
            [
              -104.73296267540756,
              39.77219730656422
            ],
            [
              -104.73354299514743,
              39.77145224043669
            ],
            [
              -104.73412661716672,
              39.77077768360536
            ],
            [
              -104.73470054519525,
              39.770191498124085
            ],
            [
              -104.73516522559174,
              39.769773566316935
            ],
            [
              -104.73563613024487,
              39.769395593068886
            ],
            [
              -104.73611652556036,
              39.769053883549766
            ],
            [
              -104.73660967794389,
              39.76874474292935
            ],
            [
              -104.7371188538012,
              39.768464476377495
            ],
            [
              -104.737647319538,
              39.768209389063976
            ],
            [
              -104.73819834156001,
              39.76797578615865
            ],
            [
              -104.73877518627292,
              39.7677599728313
            ],
            [
              -104.73938112008243,
              39.76755825425174
            ],
            [
              -104.74001940939432,
              39.76736693558979
            ],
            [
              -104.74096443285461,
              39.76714364888373
            ],
            [
              -104.74198882590855,
              39.76698140774784
            ],
            [
              -104.74307858211148,
              39.76686943745865
            ],
            [
              -104.74421969501873,
              39.76679696329275
            ],
            [
              -104.74539815818565,
              39.76675321052665
            ],
            [
              -104.74659996516758,
              39.76672740443692
            ],
            [
              -104.74781110951986,
              39.76670877030009
            ],
            [
              -104.74901758479784,
              39.76668653339273
            ],
            [
              -104.75020538455684,
              39.76664991899137
            ],
            [
              -104.7513605023522,
              39.76658815237255
            ],
            [
              -104.75251155007176,
              39.76649211428294
            ],
            [
              -104.7536889405152,
              39.76636791280049
            ],
            [
              -104.75488138383253,
              39.76622761315236
            ],
            [
              -104.75607759017379,
              39.76608328056569
            ],
            [
              -104.75726626968893,
              39.765946980267614
            ],
            [
              -104.758436132528,
              39.76583077748529
            ],
            [
              -104.75957588884103,
              39.765746737445866
            ],
            [
              -104.760674248778,
              39.765706925376485
            ],
            [
              -104.76171992248895,
              39.7657234065043
            ],
            [
              -104.76270162012385,
              39.76580824605645
            ]
          ]
        ]
      },
      "properties": {}
    },
    {
      "type": "Feature",
      "geometry": {
        "type": "Polygon",
        "coordinates": [
          [
            [
              -104.85661352535686,
              39.663309177338114
            ],
            [
              -104.8563807236987,
              39.66280944866445
            ],
            [
              -104.85616934594441,
              39.6622952946673
            ],
            [
              -104.85598485392796,
              39.66177313696617
            ],
            [
              -104.85583270948321,
              39.661249397180526
            ],
            [
              -104.85571837444418,
              39.66073049692987
            ],
            [
              -104.85564731064468,
              39.66022285783368
            ],
            [
              -104.85562497991873,
              39.65973290151145
            ],
            [
              -104.85565684410021,
              39.65926704958264
            ],
            [
              -104.85574836502306,
              39.65883172366676
            ],
            [
              -104.8559050045212,
              39.658433345383266
            ],
            [
              -104.85617450001975,
              39.658019890995384
            ],
            [
              -104.85654899558438,
              39.657618767092075
            ],
            [
              -104.85701091404613,
              39.65723618931864
            ],
            [
              -104.8575426782361,
              39.65687837332035
            ],
            [
              -104.85812671098529,
              39.656551534742505
            ],
            [
              -104.85874543512472,
              39.65626188923039
            ],
            [
              -104.8593812734855,
              39.65601565242928
            ],
            [
              -104.8600166488986,
              39.65581903998448
            ],
            [
              -104.86063398419508,
              39.65567826754124
            ],
            [
              -104.86121570220595,
              39.655599550744874
            ],
            [
              -104.86179682004185,
              39.65558597535488
            ],
            [
              -104.86239112589097,
              39.655635359904565
            ],
            [
              -104.86299540979519,
              39.65574224177544
            ],
            [
              -104.86360646179655,
              39.65590115834901
            ],
            [
              -104.86422107193698,
              39.656106647006816
            ],
            [
              -104.86483603025839,
              39.65635324513035
            ],
            [
              -104.86544812680276,
              39.656635490101124
            ],
            [
              -104.86605415161205,
              39.656947919300684
            ],
            [
              -104.86665089472815,
              39.65728507011052
            ],
            [
              -104.86723514619307,
              39.657641479912144
            ],
            [
              -104.86793880793071,
              39.6581364224468
            ],
            [
              -104.86862955367593,
              39.658713975639095
            ],
            [
              -104.86930966436357,
              39.65935955969637
            ],
            [
              -104.86998142092847,
              39.66005859482598
            ],
            [
              -104.87064710430545,
              39.66079650123527
            ],
            [
              -104.87130899542933,
              39.661558699131554
            ],
            [
              -104.8719693752349,
              39.662330608722186
            ],
            [
              -104.87263052465705,
              39.663097650214524
            ],
            [
              -104.87329472463055,
              39.663845243815885
            ],
            [
              -104.87396425609025,
              39.664558809733606
            ],
            [
              -104.87466734055836,
              39.66525098831164
            ],
            [
              -104.87541728435991,
              39.66594391467197
            ],
            [
              -104.87619400891128,
              39.66663726483611
            ],
            [
              -104.87697743562892,
              39.66733071482555
            ],
            [
              -104.8777474859292,
              39.66802394066178
            ],
            [
              -104.8784840812286,
              39.668716618366346
            ],
            [
              -104.87916714294352,
              39.66940842396068
            ],
            [
              -104.87977659249036,
              39.67009903346634
            ],
            [
              -104.88029235128549,
              39.670788122904796
            ],
            [
              -104.88069434074544,
              39.67147536829756
            ],
            [
              -104.88092725211895,
              39.671975015974574
            ],
            [
              -104.8811387568829,
              39.67248908872071
            ],
            [
              -104.88132338836392,
              39.673011166304526
            ],
            [
              -104.88147567988858,
              39.67353482849458
            ],
            [
              -104.88159016478349,
              39.67405365505945
            ],
            [
              -104.88166137637523,
              39.674561225767704
            ],
            [
              -104.88168384799043,
              39.67505112038788
            ],
            [
              -104.88165211295566,
              39.67551691868857
            ],
            [
              -104.88156070459753,
              39.67595220043833
            ],
            [
              -104.88140415624262,
              39.67635054540572
            ],
            [
              -104.88113470252186,
              39.67676401581596
            ],
            [
              -104.88076020816146,
              39.67716515774434
            ],
            [
              -104.88029825643112,
              39.67754775616428
            ],
            [
              -104.87976643060051,
              39.67790559604915
            ],
            [
              -104.87918231393942,
              39.67823246237234
            ],
            [
              -104.87856348971752,
              39.67852214010725
            ],
            [
              -104.87792754120457,
              39.67876841422728
            ],
            [
              -104.8772920516702,
              39.6789650697058
            ],
            [
              -104.87667460438419,
              39.6791058915162
            ],
            [
              -104.87609278261624,
              39.67918466463189
            ],
            [
              -104.87551153749332,
              39.67919830985387
            ],
            [
              -104.87491708919212,
              39.67914900612024
            ],
            [
              -104.87431265129834,
              39.67904221246981
            ],
            [
              -104.87370143739776,
              39.6788833879414
            ],
            [
              -104.87308666107609,
              39.67867799157382
            ],
            [
              -104.87247153591916,
              39.67843148240592
            ],
            [
              -104.87185927551269,
              39.67814931947648
            ],
            [
              -104.87125309344245,
              39.67783696182434
            ],
            [
              -104.87065620329417,
              39.67749986848834
            ],
            [
              -104.87007181865366,
              39.67714349850726
            ],
            [
              -104.86936806884663,
              39.67664863835816
            ],
            [
              -104.86867723344898,
              39.67607117077945
            ],
            [
              -104.8679970350897,
              39.67542567211146
            ],
            [
              -104.8673251963979,
              39.67472671869453
            ],
            [
              -104.86665944000259,
              39.673988886869054
            ],
            [
              -104.86599748853277,
              39.67322675297535
            ],
            [
              -104.86533706461746,
              39.67245489335379
            ],
            [
              -104.86467589088576,
              39.671687884344706
            ],
            [
              -104.8640116899667,
              39.67094030228846
            ],
            [
              -104.86334218448927,
              39.670226723525396
            ],
            [
              -104.86263916561839,
              39.66953450977198
            ],
            [
              -104.86188931660361,
              39.66884151646885
            ],
            [
              -104.86111271149538,
              39.66814807420839
            ],
            [
              -104.86032942434414,
              39.667454513582925
            ],
            [
              -104.85955952920031,
              39.666761165184866
            ],
            [
              -104.85882310011425,
              39.66606835960655
            ],
            [
              -104.85814021113649,
              39.66537642744035
            ],
            [
              -104.85753093631739,
              39.664685699278635
            ],
            [
              -104.85701534970735,
              39.66399650571376
            ],
            [
              -104.85661352535686,
              39.663309177338114
            ]
          ]
        ]
      },
      "properties": {}
    },
    {
      "type": "Feature",
      "geometry": {
        "type": "Polygon",
        "coordinates": [
          [
            [
              -105.05625865317182,
              39.619625247915806
            ],
            [
              -105.05567713990895,
              39.61970500581802
            ],
            [
              -105.05506013282564,
              39.61984691945078
            ],
            [
              -105.05442519371178,
              39.62004473536436
            ],
            [
              -105.05378988435712,
              39.62029220010898
            ],
            [
              -105.05317176655146,
              39.62058306023487
            ],
            [
              -105.05258840208467,
              39.62091106229231
            ],
            [
              -105.05205735274652,
              39.621269952831526
            ],
            [
              -105.05159618032678,
              39.62165347840276
            ],
            [
              -105.05122244661533,
              39.62205538555627
            ],
            [
              -105.05095371340192,
              39.622469420842286
            ],
            [
              -105.05079381128623,
              39.622881504188705
            ],
            [
              -105.05069297763602,
              39.623351023180064
            ],
            [
              -105.05064836812659,
              39.623862740531834
            ],
            [
              -105.0506571384334,
              39.62440141895951
            ],
            [
              -105.0507164442317,
              39.624951821178556
            ],
            [
              -105.05082344119694,
              39.62549870990448
            ],
            [
              -105.05097528500444,
              39.62602684785274
            ],
            [
              -105.0511691313296,
              39.62652099773886
            ],
            [
              -105.05140213584774,
              39.62696592227827
            ],
            [
              -105.05167145423427,
              39.62734638418651
            ],
            [
              -105.0520520595717,
              39.6277232549917
            ],
            [
              -105.05253087951843,
              39.628071911927044
            ],
            [
              -105.05308956002179,
              39.62838846926261
            ],
            [
              -105.0537097470291,
              39.62866904126847
            ],
            [
              -105.05437308648769,
              39.62890974221472
            ],
            [
              -105.05506122434483,
              39.62910668637139
            ],
            [
              -105.05575580654788,
              39.62925598800856
            ],
            [
              -105.05643847904409,
              39.629353761396295
            ],
            [
              -105.0570908877808,
              39.62939612080469
            ],
            [
              -105.05769467870535,
              39.62937918050378
            ],
            [
              -105.05827622025147,
              39.62929941923912
            ],
            [
              -105.05889326107106,
              39.62915749884056
            ],
            [
              -105.0595282368094,
              39.62895967340449
            ],
            [
              -105.06016358311189,
              39.62871219702728
            ],
            [
              -105.06078173562389,
              39.62842132380527
            ],
            [
              -105.06136512999069,
              39.62809330783483
            ],
            [
              -105.06189620185766,
              39.6277344032123
            ],
            [
              -105.06235738687023,
              39.627350864034085
            ],
            [
              -105.0627311206736,
              39.62694894439649
            ],
            [
              -105.0629998389132,
              39.626534898395924
            ],
            [
              -105.06315970942211,
              39.62612281107609
            ],
            [
              -105.06326049730195,
              39.625653288684056
            ],
            [
              -105.06330505029052,
              39.625141568571706
            ],
            [
              -105.06329621612554,
              39.62460288809089
            ],
            [
              -105.06323684254491,
              39.62405248459348
            ],
            [
              -105.06312977728632,
              39.62350559543133
            ],
            [
              -105.06297786808761,
              39.62297745795633
            ],
            [
              -105.06278396268651,
              39.622483309520334
            ],
            [
              -105.0625509088209,
              39.6220383874752
            ],
            [
              -105.06228155422848,
              39.621657929172805
            ],
            [
              -105.06190093849898,
              39.621281076843225
            ],
            [
              -105.06142212666441,
              39.620932437823505
            ],
            [
              -105.06086346939944,
              39.62061589747276
            ],
            [
              -105.06024331737885,
              39.62033534115013
            ],
            [
              -105.05958002127736,
              39.62009465421473
            ],
            [
              -105.05889193176968,
              39.61989772202571
            ],
            [
              -105.05819739953056,
              39.61974842994218
            ],
            [
              -105.05751477523472,
              39.619650663323256
            ],
            [
              -105.05686240955691,
              39.6196083075281
            ],
            [
              -105.05625865317182,
              39.619625247915806
            ]
          ]
        ]
      },
      "properties": {}
    },
    {
      "type": "Feature",
      "geometry": {
        "type": "Polygon",
        "coordinates": [
          [
            [
              -105.06200441038075,
              39.658635608553865
            ],
            [
              -105.06260636308612,
              39.658290360515565
            ],
            [
              -105.06317351213256,
              39.65792840789257
            ],
            [
              -105.06371296771103,
              39.657561088963654
            ],
            [
              -105.06423184001235,
              39.65719974200754
            ],
            [
              -105.06473723922741,
              39.65685570530297
            ],
            [
              -105.06523627554705,
              39.65654031712871
            ],
            [
              -105.06573605916216,
              39.656264915763465
            ],
            [
              -105.06624370026363,
              39.656040839485996
            ],
            [
              -105.06676630904225,
              39.65587942657503
            ],
            [
              -105.06731099568898,
              39.65579201530934
            ],
            [
              -105.06789227926386,
              39.65577738942517
            ],
            [
              -105.06848687245125,
              39.65582571780718
            ],
            [
              -105.06909155497961,
              39.65593154130623
            ],
            [
              -105.0697031065773,
              39.65608940077312
            ],
            [
              -105.07031830697274,
              39.6562938370587
            ],
            [
              -105.07093393589436,
              39.656539391013766
            ],
            [
              -105.0715467730706,
              39.656820603489166
            ],
            [
              -105.07215359822979,
              39.657132015335705
            ],
            [
              -105.0727511911004,
              39.65746816740422
            ],
            [
              -105.07333633141081,
              39.65782360054552
            ],
            [
              -105.0740713196789,
              39.65831780358995
            ],
            [
              -105.07484041741378,
              39.65889532545395
            ],
            [
              -105.07562579292511,
              39.65954129162763
            ],
            [
              -105.07640961452238,
              39.660240827601115
            ],
            [
              -105.07717405051521,
              39.66097905886453
            ],
            [
              -105.0779012692131,
              39.66174111090798
            ],
            [
              -105.07857343892567,
              39.66251210922158
            ],
            [
              -105.07917272796249,
              39.66327717929547
            ],
            [
              -105.07968130463307,
              39.664021446619756
            ],
            [
              -105.08008133724705,
              39.66473003668455
            ],
            [
              -105.08031526230539,
              39.665229379705266
            ],
            [
              -105.0805278116346,
              39.665743190018304
            ],
            [
              -105.08071350279478,
              39.6662650551376
            ],
            [
              -105.08086685334592,
              39.66678856257709
            ],
            [
              -105.08098238084816,
              39.66730729985072
            ],
            [
              -105.08105460286151,
              39.66781485447242
            ],
            [
              -105.08107803694608,
              39.66830481395615
            ],
            [
              -105.0810472006619,
              39.66877076581583
            ],
            [
              -105.08095661156901,
              39.669206297565395
            ],
            [
              -105.08080078722755,
              39.6696049967188
            ],
            [
              -105.0805407547402,
              39.67000614250129
            ],
            [
              -105.08018914935398,
              39.67037514745056
            ],
            [
              -105.07975775506483,
              39.67071433399431
            ],
            [
              -105.07925835586882,
              39.67102602456033
            ],
            [
              -105.07870273576185,
              39.67131254157633
            ],
            [
              -105.07810267873995,
              39.67157620747007
            ],
            [
              -105.07746996879914,
              39.67181934466928
            ],
            [
              -105.07681638993542,
              39.67204427560173
            ],
            [
              -105.07615372614467,
              39.67225332269513
            ],
            [
              -105.075493761423,
              39.67244880837725
            ],
            [
              -105.07454993098514,
              39.67267508120871
            ],
            [
              -105.07352654722368,
              39.672840468825314
            ],
            [
              -105.07243764889019,
              39.6729557137041
            ],
            [
              -105.07129727473637,
              39.673031558322094
            ],
            [
              -105.07011946351386,
              39.673078745156346
            ],
            [
              -105.0689182539743,
              39.673108016683884
            ],
            [
              -105.06770768486936,
              39.67313011538174
            ],
            [
              -105.06650179495071,
              39.67315578372698
            ],
            [
              -105.06531462296994,
              39.673195764196606
            ],
            [
              -105.06416020767874,
              39.673260799267666
            ],
            [
              -105.06300997247666,
              39.673360092879605
            ],
            [
              -105.06183347653706,
              39.673487618431764
            ],
            [
              -105.06064197429126,
              39.67363127173052
            ],
            [
              -105.05944672017071,
              39.67377894858224
            ],
            [
              -105.05825896860681,
              39.6739185447933
            ],
            [
              -105.05708997403102,
              39.674037956170096
            ],
            [
              -105.05595099087463,
              39.674125078519
            ],
            [
              -105.05485327356917,
              39.674167807646356
            ],
            [
              -105.05380807654602,
              39.674154039358584
            ],
            [
              -105.05282665423655,
              39.67407166946204
            ],
            [
              -105.05211411200422,
              39.67397669099013
            ],
            [
              -105.05139846783203,
              39.67386941669973
            ],
            [
              -105.05069004921053,
              39.67374543595806
            ],
            [
              -105.04999918363038,
              39.67360033813233
            ],
            [
              -105.04933619858222,
              39.67342971258977
            ],
            [
              -105.04871142155665,
              39.67322914869756
            ],
            [
              -105.0481351800443,
              39.67299423582293
            ],
            [
              -105.04761780153581,
              39.67272056333309
            ],
            [
              -105.04716961352172,
              39.67240372059522
            ],
            [
              -105.04680094349276,
              39.672039296976585
            ],
            [
              -105.04653164858756,
              39.67165897738868
            ],
            [
              -105.04629865594453,
              39.67121422147694
            ],
            [
              -105.04610481164809,
              39.67072026163911
            ],
            [
              -105.04595296178294,
              39.67019233027289
            ],
            [
              -105.04584595243358,
              39.66964565977602
            ],
            [
              -105.04578662968459,
              39.669095482546226
            ],
            [
              -105.04577783962057,
              39.66855703098123
            ],
            [
              -105.04582242832605,
              39.66804553747875
            ],
            [
              -105.04592324188559,
              39.66757623443653
            ],
            [
              -105.04608312638376,
              39.667164354252265
            ],
            [
              -105.04634621903361,
              39.666776213361345
            ],
            [
              -105.0467054704195,
              39.66644035375143
            ],
            [
              -105.0471471245385,
              39.66614582688166
            ],
            [
              -105.04765742538774,
              39.665881684211136
            ],
            [
              -105.0482226169643,
              39.665636977198965
            ],
            [
              -105.04882894326525,
              39.665400757304276
            ],
            [
              -105.04946264828777,
              39.66516207598619
            ],
            [
              -105.05010997602889,
              39.6649099847038
            ],
            [
              -105.05075717048575,
              39.664633534916256
            ],
            [
              -105.05139047565542,
              39.66432177808264
            ],
            [
              -105.0523207784185,
              39.66382344311292
            ],
            [
              -105.05333848647734,
              39.663278270965094
            ],
            [
              -105.05442174707183,
              39.66269796874901
            ],
            [
              -105.05554870744187,
              39.66209424357456
            ],
            [
              -105.0566975148273,
              39.66147880255157
            ],
            [
              -105.05784631646799,
              39.66086335278993
            ],
            [
              -105.05897325960382,
              39.66025960139948
            ],
            [
              -105.06005649147463,
              39.65967925549008
            ],
            [
              -105.06107415932033,
              39.65913402217159
            ],
            [
              -105.06200441038075,
              39.658635608553865
            ]
          ]
        ]
      },
      "properties": {}
    },
    {
      "type": "Feature",
      "geometry": {
        "type": "Polygon",
        "coordinates": [
          [
            [
              -104.96438908981798,
              39.773897152675545
            ],
            [
              -104.96510215063604,
              39.773992610806744
            ],
            [
              -104.96581832797399,
              39.77410029076514
            ],
            [
              -104.96652727607243,
              39.77422461274081
            ],
            [
              -104.96721864917214,
              39.77436999692385
            ],
            [
              -104.96788210151374,
              39.77454086350436
            ],
            [
              -104.96850728733784,
              39.774741632672416
            ],
            [
              -104.96908386088525,
              39.774976724618114
            ],
            [
              -104.96960147639658,
              39.77525055953155
            ],
            [
              -104.97004978811252,
              39.775567557602805
            ],
            [
              -104.97041845027373,
              39.77593213902197
            ],
            [
              -104.97068742462477,
              39.77631225763673
            ],
            [
              -104.97092009118339,
              39.77675672203557
            ],
            [
              -104.97111360836145,
              39.77725031077861
            ],
            [
              -104.97126513457093,
              39.777777802426
            ],
            [
              -104.97137182822365,
              39.77832397553785
            ],
            [
              -104.9714308477316,
              39.778873608674324
            ],
            [
              -104.97143935150663,
              39.779411480395524
            ],
            [
              -104.97139449796066,
              39.77992236926159
            ],
            [
              -104.9712934455056,
              39.780391053832666
            ],
            [
              -104.97113335255338,
              39.78080231266887
            ],
            [
              -104.97087276550938,
              39.781202961363554
            ],
            [
              -104.97052048982125,
              39.78157131779941
            ],
            [
              -104.97008833261727,
              39.781909730685655
            ],
            [
              -104.96958810102572,
              39.78222054873153
            ],
            [
              -104.96903160217485,
              39.78250612064628
            ],
            [
              -104.96843064319289,
              39.78276879513914
            ],
            [
              -104.96779703120812,
              39.78301092091934
            ],
            [
              -104.96714257334884,
              39.78323484669612
            ],
            [
              -104.96647907674325,
              39.78344292117872
            ],
            [
              -104.96581834851968,
              39.78363749307637
            ],
            [
              -104.96487334211876,
              39.78386259966494
            ],
            [
              -104.96384879736021,
              39.784026786845274
            ],
            [
              -104.96275875036325,
              39.78414080312342
            ],
            [
              -104.96161723724697,
              39.784215397005454
            ],
            [
              -104.96043829413057,
              39.7842613169974
            ],
            [
              -104.95923595713322,
              39.784289311605335
            ],
            [
              -104.95802426237404,
              39.784310129335296
            ],
            [
              -104.95681724597226,
              39.78433451869335
            ],
            [
              -104.95562894404699,
              39.784373228185544
            ],
            [
              -104.9544733927174,
              39.78443700631793
            ],
            [
              -104.95332198659453,
              39.78453501657497
            ],
            [
              -104.95214427100596,
              39.78466120366239
            ],
            [
              -104.9509515212874,
              39.78480348699266
            ],
            [
              -104.94975501277455,
              39.78494978597827
            ],
            [
              -104.94856602080318,
              39.78508802003168
            ],
            [
              -104.947395820709,
              39.78520610856538
            ],
            [
              -104.94625568782773,
              39.785291970991835
            ],
            [
              -104.94515689749511,
              39.785333526723505
            ],
            [
              -104.94411072504687,
              39.7853186951729
            ],
            [
              -104.9431284458187,
              39.78523539575246
            ],
            [
              -104.94241537440666,
              39.78513982075754
            ],
            [
              -104.94169918465795,
              39.785032012095535
            ],
            [
              -104.94099022583471,
              39.784907553486924
            ],
            [
              -104.94029884719917,
              39.784762028652175
            ],
            [
              -104.9396353980134,
              39.784591021311726
            ],
            [
              -104.93901022753954,
              39.784390115186085
            ],
            [
              -104.93843368503981,
              39.784154893995684
            ],
            [
              -104.9379161197763,
              39.783880941461014
            ],
            [
              -104.93746788101116,
              39.78356384130252
            ],
            [
              -104.93709931800657,
              39.78319917724069
            ],
            [
              -104.93683047064198,
              39.7828190143938
            ],
            [
              -104.93659795799921,
              39.782374515932034
            ],
            [
              -104.93640461463386,
              39.781880903344145
            ],
            [
              -104.93625327510152,
              39.7813533981189
            ],
            [
              -104.93614677395779,
              39.7808072217451
            ],
            [
              -104.93608794575826,
              39.78025759571148
            ],
            [
              -104.9360796250585,
              39.77971974150684
            ],
            [
              -104.93612464641414,
              39.77920888061991
            ],
            [
              -104.93622584438074,
              39.77874023453951
            ],
            [
              -104.93638605351391,
              39.77832902475437
            ],
            [
              -104.93664673874538,
              39.77792844959612
            ],
            [
              -104.93699909094478,
              39.77756019093686
            ],
            [
              -104.93743130554085,
              39.77722189517606
            ],
            [
              -104.93793157796229,
              39.776911208713244
            ],
            [
              -104.93848810363781,
              39.776625777947885
            ],
            [
              -104.93908907799621,
              39.7763632492795
            ],
            [
              -104.93972269646619,
              39.77612126910759
            ],
            [
              -104.94037715447652,
              39.77589748383166
            ],
            [
              -104.94104064745589,
              39.77568953985121
            ],
            [
              -104.94170137083309,
              39.77549508356573
            ],
            [
              -104.94264633236149,
              39.775270132223284
            ],
            [
              -104.94367080549573,
              39.775106101619606
            ],
            [
              -104.94476075871442,
              39.774992239058825
            ],
            [
              -104.94590216049625,
              39.774917791845105
            ],
            [
              -104.9470809793199,
              39.774872007282625
            ],
            [
              -104.94828318366405,
              39.77484413267553
            ],
            [
              -104.9494947420073,
              39.774823415327994
            ],
            [
              -104.95070162282838,
              39.774799102544165
            ],
            [
              -104.95188979460593,
              39.7747604416282
            ],
            [
              -104.95304522581863,
              39.774696679884286
            ],
            [
              -104.9541965203386,
              39.77459864989981
            ],
            [
              -104.95537411359128,
              39.774472410092066
            ],
            [
              -104.95656673454192,
              39.774330045583426
            ],
            [
              -104.95776311215573,
              39.77418364149623
            ],
            [
              -104.95895197539795,
              39.77404528295285
            ],
            [
              -104.9601220532338,
              39.77392705507563
            ],
            [
              -104.9612620746285,
              39.773841042986945
            ],
            [
              -104.96236076854727,
              39.773799331809116
            ],
            [
              -104.96340686395536,
              39.77381400666454
            ],
            [
              -104.96438908981798,
              39.773897152675545
            ]
          ]
        ]
      },
      "properties": {}
    },
    {
      "type": "Feature",
      "geometry": {
        "type": "Polygon",
        "coordinates": [
          [
            [
              -105.07576608800609,
              39.63547557216324
            ],
            [
              -105.0760276654602,
              39.63584288164294
            ],
            [
              -105.07624077617942,
              39.63625431444596
            ],
            [
              -105.07640778903118,
              39.636703351068086
            ],
            [
              -105.07653107288286,
              39.637183472005034
            ],
            [
              -105.0766129966019,
              39.63768815775258
            ],
            [
              -105.07665592905565,
              39.63821088880645
            ],
            [
              -105.07666223911156,
              39.638745145662405
            ],
            [
              -105.07663429563698,
              39.639284408816195
            ],
            [
              -105.07657446749934,
              39.63982215876356
            ],
            [
              -105.07648512356606,
              39.64035187600026
            ],
            [
              -105.07629439369676,
              39.64109196301808
            ],
            [
              -105.07600970485107,
              39.641886977105635
            ],
            [
              -105.07564396302139,
              39.64271898390866
            ],
            [
              -105.07521007420023,
              39.64357004907285
            ],
            [
              -105.07472094438,
              39.64442223824392
            ],
            [
              -105.07418947955321,
              39.64525761706757
            ],
            [
              -105.07362858571233,
              39.646058251189544
            ],
            [
              -105.07305116884976,
              39.646806206255505
            ],
            [
              -105.07247013495802,
              39.647483547911214
            ],
            [
              -105.07189839002956,
              39.64807234180233
            ],
            [
              -105.07143547967979,
              39.64849208712935
            ],
            [
              -105.07096619156675,
              39.64887189922773
            ],
            [
              -105.07048727577268,
              39.649215474672474
            ],
            [
              -105.06999548237974,
              39.64952651003854
            ],
            [
              -105.0694875614702,
              39.649808701900895
            ],
            [
              -105.06896026312624,
              39.650065746834514
            ],
            [
              -105.0684103374301,
              39.65030134141438
            ],
            [
              -105.067834534464,
              39.65051918221547
            ],
            [
              -105.06722960431011,
              39.65072296581274
            ],
            [
              -105.0665922970507,
              39.65091638878116
            ],
            [
              -105.06563179169038,
              39.65116079650549
            ],
            [
              -105.06456549545439,
              39.651372556745414
            ],
            [
              -105.0634186961622,
              39.65155030713536
            ],
            [
              -105.06221668163334,
              39.65169268530977
            ],
            [
              -105.06098473968723,
              39.651798328903084
            ],
            [
              -105.05974815814335,
              39.651865875549746
            ],
            [
              -105.05853222482123,
              39.6518939628842
            ],
            [
              -105.05736222754031,
              39.65188122854087
            ],
            [
              -105.0562634541201,
              39.651826310154235
            ],
            [
              -105.05526119238004,
              39.65172784535869
            ],
            [
              -105.05457149772896,
              39.65163050185288
            ],
            [
              -105.05391402051154,
              39.651517169361675
            ],
            [
              -105.05328394984974,
              39.65138501750851
            ],
            [
              -105.05267647486554,
              39.65123121591682
            ],
            [
              -105.05208678468078,
              39.65105293421
            ],
            [
              -105.05151006841751,
              39.65084734201146
            ],
            [
              -105.05094151519762,
              39.65061160894463
            ],
            [
              -105.05037631414305,
              39.650342904632915
            ],
            [
              -105.04980965437575,
              39.65003839869973
            ],
            [
              -105.04923672501768,
              39.6496952607685
            ],
            [
              -105.04850196933742,
              39.64920085347862
            ],
            [
              -105.04773315438182,
              39.64862309003702
            ],
            [
              -105.04694810160117,
              39.64797685477385
            ],
            [
              -105.04616463244595,
              39.64727703201931
            ],
            [
              -105.04540056836646,
              39.646538506103546
            ],
            [
              -105.04467373081309,
              39.64577616135674
            ],
            [
              -105.04400194123622,
              39.64500488210906
            ],
            [
              -105.04340302108625,
              39.644239552690685
            ],
            [
              -105.04289479181351,
              39.643495057431764
            ],
            [
              -105.04249507486838,
              39.64278628066248
            ],
            [
              -105.04226134094276,
              39.6422867600312
            ],
            [
              -105.04204900079435,
              39.64177277797957
            ],
            [
              -105.04186353122074,
              39.641250748540244
            ],
            [
              -105.04171040901966,
              39.64072708574591
            ],
            [
              -105.04159511098871,
              39.6402082036292
            ],
            [
              -105.04152311392552,
              39.63970051622279
            ],
            [
              -105.04149989462775,
              39.63921043755933
            ],
            [
              -105.04153092989304,
              39.63874438167149
            ],
            [
              -105.04162169651897,
              39.638308762591905
            ],
            [
              -105.04177767130331,
              39.63790999435328
            ],
            [
              -105.04203777314828,
              39.6375088739688
            ],
            [
              -105.04238938110504,
              39.63713990440945
            ],
            [
              -105.0428207212573,
              39.636800761932754
            ],
            [
              -105.04332001968875,
              39.63648912279621
            ],
            [
              -105.0438755024831,
              39.636202663257315
            ],
            [
              -105.04447539572402,
              39.635939059573545
            ],
            [
              -105.04510792549526,
              39.63569598800243
            ],
            [
              -105.04576131788048,
              39.63547112480143
            ],
            [
              -105.04642379896342,
              39.635262146228065
            ],
            [
              -105.04708359482774,
              39.635066728539826
            ],
            [
              -105.0480270991608,
              39.634840580516084
            ],
            [
              -105.04905011165853,
              39.63467533024942
            ],
            [
              -105.0501386013986,
              39.634560229106214
            ],
            [
              -105.0512785374587,
              39.63448452845281
            ],
            [
              -105.0524558889165,
              39.63443747965558
            ],
            [
              -105.05365662484968,
              39.63440833408088
            ],
            [
              -105.05486671433594,
              39.63438634309506
            ],
            [
              -105.05607212645297,
              39.634360758064496
            ],
            [
              -105.05725883027841,
              39.63432083035555
            ],
            [
              -105.05841279489002,
              39.63425581133456
            ],
            [
              -105.05956258856166,
              39.63415649065158
            ],
            [
              -105.06073862687933,
              39.63402889862525
            ],
            [
              -105.06192966196825,
              39.63388514675979
            ],
            [
              -105.0631244459536,
              39.63373734655931
            ],
            [
              -105.06431173096061,
              39.633597609527996
            ],
            [
              -105.06548026911454,
              39.63347804716999
            ],
            [
              -105.06661881254057,
              39.63339077098946
            ],
            [
              -105.06771611336393,
              39.633347892490555
            ],
            [
              -105.06876092370987,
              39.63336152317745
            ],
            [
              -105.06974199570357,
              39.633443774554294
            ],
            [
              -105.07045432063185,
              39.63353868117276
            ],
            [
              -105.07116973794933,
              39.633645889250666
            ],
            [
              -105.0718779283686,
              39.63376980850261
            ],
            [
              -105.07256857260214,
              39.63391484864316
            ],
            [
              -105.07323135136252,
              39.63408541938688
            ],
            [
              -105.07385594536231,
              39.634285930448364
            ],
            [
              -105.074432035314,
              39.63452079154215
            ],
            [
              -105.07494930193018,
              39.63479441238285
            ],
            [
              -105.07539742592336,
              39.635111202685025
            ],
            [
              -105.07576608800609,
              39.63547557216324
            ]
          ]
        ]
      },
      "properties": {}
    },
    {
      "type": "Feature",
      "geometry": {
        "type": "Polygon",
        "coordinates": [
          [
            [
              -104.94384208628632,
              39.79010521402366
            ],
            [
              -104.94325963636915,
              39.790184200762965
            ],
            [
              -104.9426415188798,
              39.79032512659343
            ],
            [
              -104.94200534637245,
              39.7905217953987
            ],
            [
              -104.94136873140143,
              39.79076801106247
            ],
            [
              -104.94074928652086,
              39.79105757746839
            ],
            [
              -104.94016462428496,
              39.79138429850015
            ],
            [
              -104.939632357248,
              39.79174197804141
            ],
            [
              -104.93917009796421,
              39.792124419975856
            ],
            [
              -104.93879545898773,
              39.79252542818713
            ],
            [
              -104.93852605287285,
              39.792938806558944
            ],
            [
              -104.93836586378741,
              39.79334995569972
            ],
            [
              -104.93826468913589,
              39.79381853515626
            ],
            [
              -104.93821969318253,
              39.79432932510439
            ],
            [
              -104.9382280401918,
              39.79486710571996
            ],
            [
              -104.93828689442803,
              39.79541665717882
            ],
            [
              -104.93839342015556,
              39.79596275965682
            ],
            [
              -104.93854478163874,
              39.796490193329774
            ],
            [
              -104.93873814314193,
              39.79698373837354
            ],
            [
              -104.9389706689295,
              39.797428174963976
            ],
            [
              -104.9392395232658,
              39.7978082832769
            ],
            [
              -104.93962018443469,
              39.79818536607338
            ],
            [
              -104.94009927325435,
              39.798534214901025
            ],
            [
              -104.94065840800792,
              39.79885095969314
            ],
            [
              -104.94127920697856,
              39.79913173038294
            ],
            [
              -104.9419432884495,
              39.79937265690373
            ],
            [
              -104.94263227070385,
              39.79956986918876
            ],
            [
              -104.94332777202492,
              39.79971949717132
            ],
            [
              -104.94401141069577,
              39.799817670784655
            ],
            [
              -104.94466480499962,
              39.79986051996203
            ],
            [
              -104.94526957321969,
              39.79984417463674
            ],
            [
              -104.94585205169668,
              39.79976518466969
            ],
            [
              -104.94647020330203,
              39.79962425220777
            ],
            [
              -104.94710641288442,
              39.79942757400906
            ],
            [
              -104.94774306529268,
              39.79918134683163
            ],
            [
              -104.9483625453755,
              39.79889176743353
            ],
            [
              -104.94894723798168,
              39.798565032572824
            ],
            [
              -104.94947952796002,
              39.79820733900761
            ],
            [
              -104.9499418001592,
              39.797824883495906
            ],
            [
              -104.950316439428,
              39.7974238627958
            ],
            [
              -104.95058583061521,
              39.79701047366537
            ],
            [
              -104.95074598802651,
              39.79659932049557
            ],
            [
              -104.95084711677235,
              39.79613073754075
            ],
            [
              -104.95089205601363,
              39.79561994470215
            ],
            [
              -104.95088364491124,
              39.795082161881055
            ],
            [
              -104.95082472262612,
              39.79453260897865
            ],
            [
              -104.95071812831915,
              39.79398650589622
            ],
            [
              -104.95056670115125,
              39.793459072534986
            ],
            [
              -104.95037328028332,
              39.792965528796195
            ],
            [
              -104.9501407048763,
              39.79252109458111
            ],
            [
              -104.94987181409103,
              39.79214098979095
            ],
            [
              -104.94949114225305,
              39.79176392543499
            ],
            [
              -104.94901206130159,
              39.79141509450659
            ],
            [
              -104.94845294957568,
              39.79109836670199
            ],
            [
              -104.94783218541433,
              39.790817611717486
            ],
            [
              -104.94716814715652,
              39.79057669924936
            ],
            [
              -104.94647921314127,
              39.79037949899385
            ],
            [
              -104.94578376170763,
              39.79022988064726
            ],
            [
              -104.94510017119458,
              39.790131713905836
            ],
            [
              -104.94444681994115,
              39.790088868465894
            ],
            [
              -104.94384208628632,
              39.79010521402366
            ]
          ]
        ]
      },
      "properties": {}
    },
    {
      "type": "Feature",
      "geometry": {
        "type": "Polygon",
        "coordinates": [
          [
            [
              -105.08952181973754,
              39.612308409254354
            ],
            [
              -105.09025663569774,
              39.61280271615596
            ],
            [
              -105.09102553218527,
              39.61338038231499
            ],
            [
              -105.09181068813999,
              39.61402652518214
            ],
            [
              -105.09259428250184,
              39.61472626220813
            ],
            [
              -105.0933584942107,
              39.61546471084367
            ],
            [
              -105.09408550220653,
              39.61622698853944
            ],
            [
              -105.09475748542923,
              39.616998212746154
            ],
            [
              -105.09535662281874,
              39.61776350091453
            ],
            [
              -105.09586509331493,
              39.61850797049526
            ],
            [
              -105.0962650758577,
              39.619216738939045
            ],
            [
              -105.09649120736131,
              39.619703219217115
            ],
            [
              -105.09668378401908,
              39.62018382040023
            ],
            [
              -105.09684254390544,
              39.620660848675975
            ],
            [
              -105.09696722509483,
              39.62113661023194
            ],
            [
              -105.09705756566166,
              39.62161341125574
            ],
            [
              -105.09711330368035,
              39.62209355793493
            ],
            [
              -105.09713417722534,
              39.62257935645714
            ],
            [
              -105.09711992437104,
              39.62307311300994
            ],
            [
              -105.09707028319185,
              39.6235771337809
            ],
            [
              -105.0969849917622,
              39.624093724957646
            ],
            [
              -105.09679443115678,
              39.62483395989943
            ],
            [
              -105.09650994163705,
              39.62562915245
            ],
            [
              -105.09614442163199,
              39.62646136240573
            ],
            [
              -105.09571076957059,
              39.627312649563024
            ],
            [
              -105.09522188388178,
              39.628165073718286
            ],
            [
              -105.09469066299454,
              39.62900069466793
            ],
            [
              -105.09413000533786,
              39.629801572208336
            ],
            [
              -105.09355280934071,
              39.630549766135935
            ],
            [
              -105.09297197343206,
              39.63122733624712
            ],
            [
              -105.09240039604086,
              39.631816342338276
            ],
            [
              -105.09192895389111,
              39.63224908174826
            ],
            [
              -105.091437615209,
              39.63266189672554
            ],
            [
              -105.09092892107469,
              39.63304990995236
            ],
            [
              -105.09040541256844,
              39.633408244111024
            ],
            [
              -105.08986963077041,
              39.6337320218838
            ],
            [
              -105.08932411676079,
              39.634016365952945
            ],
            [
              -105.08877141161976,
              39.634256399000726
            ],
            [
              -105.08821405642752,
              39.63444724370943
            ],
            [
              -105.08765459226426,
              39.63458402276133
            ],
            [
              -105.08709556021019,
              39.634661858838676
            ],
            [
              -105.08649171339377,
              39.634678955205395
            ],
            [
              -105.08583922847245,
              39.634636766741686
            ],
            [
              -105.0851564622717,
              39.63453917355653
            ],
            [
              -105.08446177161704,
              39.63439005575895
            ],
            [
              -105.08377351333385,
              39.63419329345792
            ],
            [
              -105.08311004424768,
              39.63395276676246
            ],
            [
              -105.082489721184,
              39.63367235578158
            ],
            [
              -105.08193090096826,
              39.63335594062426
            ],
            [
              -105.08145194042594,
              39.6330074013995
            ],
            [
              -105.0810711963825,
              39.63263061821634
            ],
            [
              -105.08084073465976,
              39.632260301044454
            ],
            [
              -105.08070719093675,
              39.63184117279736
            ],
            [
              -105.08064743274109,
              39.63138175870699
            ],
            [
              -105.08063832760041,
              39.63089058400527
            ],
            [
              -105.08065674304241,
              39.63037617392411
            ],
            [
              -105.0806795465947,
              39.62984705369547
            ],
            [
              -105.08068360578488,
              39.629311748551245
            ],
            [
              -105.08064578814067,
              39.628778783723384
            ],
            [
              -105.08054296118964,
              39.6282566844438
            ],
            [
              -105.08035199245947,
              39.62775397594443
            ],
            [
              -105.07995209629024,
              39.627045204624565
            ],
            [
              -105.0794437082202,
              39.626300724343295
            ],
            [
              -105.07884464908493,
              39.62553541809066
            ],
            [
              -105.07817273972006,
              39.624764168856686
            ],
            [
              -105.07744580096121,
              39.624001859631434
            ],
            [
              -105.07668165364399,
              39.62326337340494
            ],
            [
              -105.07589811860402,
              39.62256359316725
            ],
            [
              -105.0751130166769,
              39.62191740190842
            ],
            [
              -105.07434416869823,
              39.62133968261846
            ],
            [
              -105.0736093955037,
              39.62084531828743
            ],
            [
              -105.07300217854575,
              39.62052920102538
            ],
            [
              -105.0723477931629,
              39.6202936197709
            ],
            [
              -105.07166433581881,
              39.62011778225501
            ],
            [
              -105.07096990297711,
              39.61998089620868
            ],
            [
              -105.0702825911014,
              39.61986216936292
            ],
            [
              -105.06962049665532,
              39.61974080944871
            ],
            [
              -105.06900171610245,
              39.61959602419705
            ],
            [
              -105.06844434590647,
              39.61940702133894
            ],
            [
              -105.06796648253095,
              39.61915300860535
            ],
            [
              -105.06758622243952,
              39.618813193727284
            ],
            [
              -105.06731684013894,
              39.618432735342026
            ],
            [
              -105.06708376448604,
              39.61798780396315
            ],
            [
              -105.06688984190362,
              39.61749363759983
            ],
            [
              -105.06673791881457,
              39.616965474261136
            ],
            [
              -105.06663084164168,
              39.616418551956244
            ],
            [
              -105.06657145680785,
              39.615868108694286
            ],
            [
              -105.0665626107359,
              39.61532938248436
            ],
            [
              -105.06660714984872,
              39.61481761133565
            ],
            [
              -105.0667079205691,
              39.61434803325726
            ],
            [
              -105.06686776931996,
              39.613935886258325
            ],
            [
              -105.06712774654865,
              39.613534655565715
            ],
            [
              -105.06747920567258,
              39.61316554204197
            ],
            [
              -105.0679103776806,
              39.61282622773467
            ],
            [
              -105.06840949356153,
              39.612514394691445
            ],
            [
              -105.06896478430423,
              39.61222772495985
            ],
            [
              -105.06956448089747,
              39.61196390058749
            ],
            [
              -105.07019681433015,
              39.61172060362195
            ],
            [
              -105.07085001559106,
              39.61149551611083
            ],
            [
              -105.07151231566903,
              39.611286320101684
            ],
            [
              -105.07217194555291,
              39.61109069764215
            ],
            [
              -105.07313206196163,
              39.61084611383984
            ],
            [
              -105.07419792764668,
              39.61063415004256
            ],
            [
              -105.07534426654124,
              39.61045617455427
            ],
            [
              -105.0765458025785,
              39.610313555679
            ],
            [
              -105.07777725969166,
              39.610207661720764
            ],
            [
              -105.07901336181385,
              39.61013986098355
            ],
            [
              -105.0802288328783,
              39.61011152177139
            ],
            [
              -105.08139839681823,
              39.610124012388255
            ],
            [
              -105.08249677756676,
              39.610178701138175
            ],
            [
              -105.0834986990571,
              39.61027695632514
            ],
            [
              -105.08418820443575,
              39.61037416513897
            ],
            [
              -105.08484550089565,
              39.61048737699183
            ],
            [
              -105.08547540067207,
              39.61061941878401
            ],
            [
              -105.08608271600036,
              39.6107731174158
            ],
            [
              -105.08667225911589,
              39.61095129978749
            ],
            [
              -105.08724884225387,
              39.61115679279935
            ],
            [
              -105.08781727764975,
              39.61139242335168
            ],
            [
              -105.08838237753875,
              39.611661018344776
            ],
            [
              -105.08894895415625,
              39.6119654046789
            ],
            [
              -105.08952181973754,
              39.612308409254354
            ]
          ]
        ]
      },
      "properties": {}
    },
    {
      "type": "Feature",
      "geometry": {
        "type": "Polygon",
        "coordinates": [
          [
            [
              -104.8697253123259,
              39.71409615241097
            ],
            [
              -104.86914327543292,
              39.71417484566738
            ],
            [
              -104.8685255855782,
              39.7143155352274
            ],
            [
              -104.86788983602582,
              39.71451201805136
            ],
            [
              -104.86725362003995,
              39.714758091099625
            ],
            [
              -104.8666345308846,
              39.71504755133252
            ],
            [
              -104.86605016182394,
              39.71537419571039
            ],
            [
              -104.86551810612204,
              39.715731821193586
            ],
            [
              -104.86505595704307,
              39.71611422474244
            ],
            [
              -104.8646813078511,
              39.7165152033173
            ],
            [
              -104.86441175181025,
              39.7169285538785
            ],
            [
              -104.86425122076906,
              39.71733991206413
            ],
            [
              -104.8641496446034,
              39.71780876083057
            ],
            [
              -104.86410420397813,
              39.71831987089543
            ],
            [
              -104.86411207955808,
              39.71885801297631
            ],
            [
              -104.86417045200812,
              39.71940795779085
            ],
            [
              -104.86427650199312,
              39.71995447605666
            ],
            [
              -104.86442741017794,
              39.720482338491344
            ],
            [
              -104.8646203572274,
              39.720976315812536
            ],
            [
              -104.86485252380638,
              39.72142117873784
            ],
            [
              -104.86512109057972,
              39.72180169798488
            ],
            [
              -104.8655012059541,
              39.72217904066723
            ],
            [
              -104.86597967082591,
              39.72252827018285
            ],
            [
              -104.86653812322668,
              39.72284549000231
            ],
            [
              -104.8671582011881,
              39.723126803596166
            ],
            [
              -104.86782154274186,
              39.72336831443501
            ],
            [
              -104.86850978591957,
              39.7235661259894
            ],
            [
              -104.86920456875285,
              39.723716341729904
            ],
            [
              -104.8698875292734,
              39.72381506512711
            ],
            [
              -104.8705403055128,
              39.72385839965156
            ],
            [
              -104.87114453550278,
              39.72384244877386
            ],
            [
              -104.87172660102885,
              39.72376375238138
            ],
            [
              -104.87234432511114,
              39.7236230562729
            ],
            [
              -104.87298011188071,
              39.72342656412783
            ],
            [
              -104.8736163654685,
              39.72318047962557
            ],
            [
              -104.87423549000555,
              39.72289100644555
            ],
            [
              -104.87481988962286,
              39.722564348267184
            ],
            [
              -104.87535196845144,
              39.72220670876988
            ],
            [
              -104.87581413062232,
              39.72182429163305
            ],
            [
              -104.8761887802664,
              39.72142330053611
            ],
            [
              -104.87645832151482,
              39.72100993915848
            ],
            [
              -104.87661882096097,
              39.72059857688844
            ],
            [
              -104.8767203512983,
              39.72012972453871
            ],
            [
              -104.87676573528546,
              39.71961861147638
            ],
            [
              -104.87675779568119,
              39.71908046706855
            ],
            [
              -104.8766993552442,
              39.7185305206823
            ],
            [
              -104.87659323673319,
              39.7179840016847
            ],
            [
              -104.8764422629069,
              39.71745613944285
            ],
            [
              -104.876249256524,
              39.716962163323835
            ],
            [
              -104.87601704034326,
              39.71651730269474
            ],
            [
              -104.87574843712332,
              39.71613678692265
            ],
            [
              -104.87536831100769,
              39.71575946264058
            ],
            [
              -104.87488985385575,
              39.71541025102207
            ],
            [
              -104.87433142427581,
              39.71509304822089
            ],
            [
              -104.8737113808761,
              39.71481175039075
            ],
            [
              -104.87304808226492,
              39.7145702536854
            ],
            [
              -104.87235988705051,
              39.71437245425855
            ],
            [
              -104.87166515384112,
              39.714222248263965
            ],
            [
              -104.87098224124506,
              39.714123531855336
            ],
            [
              -104.87032950787055,
              39.714080201186434
            ],
            [
              -104.8697253123259,
              39.71409615241097
            ]
          ]
        ]
      },
      "properties": {}
    }
  ]
}